Province,Area,Bedrooms,Bathrooms,Floors,HouseType,Price
Đồng Nai,29.3,1,1,3,Nhà phố,6.113
Hải Phòng,27.5,3,3,2,Đất nền,4.713
Khánh Hòa,168.3,4,4,1,Chung cư,50.06
Cần Thơ,65.9,4,5,1,Nhà phố,15.835
Đồng Nai,33.5,2,3,2,Nhà phố,8.961
Bà Rịa-VT,168.6,2,2,2,Biệt thự,31.572
Đà Nẵng,99.6,4,5,4,Biệt thự,35.55
Đồng Nai,104.7,4,5,2,Biệt thự,30.138
Khánh Hòa,146.3,3,3,2,Đất nền,21.65
Cần Thơ,41.0,3,4,2,Nhà trọ,2.503
Hải Phòng,33.8,2,1,3,Nhà phố,5.587
Khánh Hòa,232.4,4,5,3,Nhà trọ,17.59
Khánh Hòa,38.0,3,2,3,Nhà trọ,5.326
Đà Nẵng,43.2,2,2,2,Biệt thự,16.5
Bình Dương,48.7,2,3,3,Nhà trọ,6.042
Cần Thơ,313.6,4,4,1,Nhà phố,31.013
TP.HCM,121.0,1,1,4,Nhà phố,31.999
Khánh Hòa,160.7,2,2,2,Chung cư,31.874
Bình Dương,101.3,3,3,2,Đất nền,12.4
TP.HCM,62.7,2,2,2,Nhà trọ,10.591
Cần Thơ,131.5,1,2,3,Đất nền,16.763
Hà Nội,35.4,4,3,1,Đất nền,9.064
Bà Rịa-VT,46.7,4,5,4,Đất nền,6.843
Bình Dương,139.7,4,5,2,Đất nền,15.812
Quảng Ninh,39.9,4,5,2,Nhà phố,7.508
Hà Nội,80.4,3,4,1,Nhà trọ,9.651
Bà Rịa-VT,82.6,4,3,2,Chung cư,11.368
Đà Nẵng,65.5,2,3,2,Đất nền,10.646
Đồng Nai,27.9,3,3,2,Chung cư,6.511
Hải Phòng,61.7,5,5,3,Nhà phố,14.558
Quảng Ninh,54.9,2,3,2,Nhà phố,9.193
Đà Nẵng,99.2,2,1,5,Biệt thự,41.948
Cần Thơ,96.2,3,2,2,Đất nền,8.356
Đà Nẵng,112.9,2,2,3,Biệt thự,37.632
Đồng Nai,60.0,1,2,1,Chung cư,7.16
Cần Thơ,123.2,4,5,2,Nhà trọ,10.439
Quảng Ninh,35.4,5,5,2,Biệt thự,21.087
Đồng Nai,30.2,3,3,2,Nhà phố,6.639
TP.HCM,22.2,1,1,4,Đất nền,5.573
Hải Phòng,66.7,1,1,1,Chung cư,8.055
Quảng Ninh,57.3,4,5,1,Nhà phố,12.714
TP.HCM,144.5,3,2,4,Nhà trọ,16.666
Bà Rịa-VT,61.0,2,1,1,Đất nền,6.665
Quảng Ninh,106.1,3,3,3,Nhà trọ,7.154
Bà Rịa-VT,146.6,2,1,2,Nhà trọ,7.243
Cần Thơ,59.6,3,2,3,Đất nền,7.964
TP.HCM,107.6,4,5,1,Đất nền,22.955
Hải Phòng,164.2,3,4,1,Nhà trọ,13.768
Đồng Nai,42.8,3,2,2,Chung cư,5.752
Khánh Hòa,91.4,2,1,4,Đất nền,15.247
Đà Nẵng,59.8,3,3,2,Nhà phố,20.735
Hà Nội,44.5,3,3,2,Biệt thự,21.389
Hải Phòng,35.8,2,1,3,Chung cư,5.109
TP.HCM,44.1,3,4,4,Đất nền,18.108
Khánh Hòa,93.3,2,1,3,Đất nền,16.703
Hải Phòng,34.2,4,3,5,Chung cư,7.413
TP.HCM,64.7,3,4,1,Biệt thự,35.117
Bình Dương,146.6,5,5,1,Nhà trọ,13.293
Bình Dương,117.8,1,1,3,Nhà phố,24.796
Bà Rịa-VT,65.5,4,4,3,Đất nền,6.167
Hải Phòng,248.1,3,3,1,Biệt thự,44.189
Bình Dương,280.3,4,4,1,Nhà phố,48.361
TP.HCM,91.4,2,3,3,Chung cư,25.404
Bà Rịa-VT,20.5,3,2,1,Đất nền,3.169
TP.HCM,153.2,4,4,2,Nhà trọ,22.821
Bà Rịa-VT,22.7,2,2,2,Chung cư,3.234
Hải Phòng,218.3,2,3,2,Đất nền,13.011
Khánh Hòa,172.5,3,4,3,Biệt thự,55.424
Đồng Nai,261.0,3,2,2,Nhà phố,38.575
Quảng Ninh,105.2,2,1,3,Nhà phố,15.22
Khánh Hòa,72.5,2,3,2,Đất nền,9.103
Cần Thơ,68.7,2,2,2,Chung cư,5.336
TP.HCM,64.9,4,4,3,Nhà trọ,10.274
Cần Thơ,162.2,3,3,1,Biệt thự,42.039
Khánh Hòa,138.0,4,3,1,Đất nền,25.488
Bà Rịa-VT,96.8,5,5,1,Biệt thự,32.284
Quảng Ninh,58.4,3,3,1,Nhà phố,9.585
Quảng Ninh,436.0,1,2,2,Nhà trọ,17.195
Hà Nội,155.6,1,1,3,Biệt thự,67.5
Quảng Ninh,34.5,2,3,3,Đất nền,5.826
Đồng Nai,66.0,5,5,3,Nhà trọ,6.773
Quảng Ninh,157.4,3,2,2,Chung cư,10.827
Khánh Hòa,55.7,2,2,2,Đất nền,7.695
Hà Nội,111.2,2,2,2,Biệt thự,47.72
Khánh Hòa,159.3,3,4,1,Nhà trọ,15.144
Khánh Hòa,20.0,3,4,1,Đất nền,7.443
Đà Nẵng,84.4,2,3,2,Nhà trọ,7.357
Hà Nội,86.4,5,5,5,Nhà trọ,14.151
Khánh Hòa,70.3,3,3,1,Nhà trọ,7.355
Đà Nẵng,107.9,2,1,1,Biệt thự,36.382
Đà Nẵng,133.6,4,4,3,Đất nền,19.434
Hà Nội,98.0,1,1,1,Nhà phố,25.593
Cần Thơ,71.9,4,5,3,Nhà phố,13.853
Bà Rịa-VT,131.6,5,5,3,Biệt thự,32.929
Đồng Nai,92.7,3,4,4,Biệt thự,30.564
Bà Rịa-VT,78.4,4,3,2,Nhà trọ,5.397
Quảng Ninh,41.0,2,2,3,Đất nền,5.738
Đồng Nai,35.2,5,5,2,Đất nền,9.549
Quảng Ninh,40.5,3,3,3,Chung cư,7.167
Khánh Hòa,106.4,3,3,2,Chung cư,15.756
TP.HCM,85.8,4,5,1,Nhà phố,41.216
Hà Nội,37.0,5,4,2,Chung cư,10.67
Đồng Nai,132.6,4,4,2,Chung cư,12.95
Đồng Nai,205.3,2,3,3,Nhà phố,33.135
Khánh Hòa,62.9,5,5,3,Nhà phố,24.591
Cần Thơ,31.7,3,3,3,Chung cư,4.463
Đà Nẵng,58.8,5,5,1,Đất nền,10.358
Khánh Hòa,150.3,3,3,3,Chung cư,21.13
Bình Dương,125.1,2,2,2,Nhà trọ,7.54
Đà Nẵng,51.8,2,1,4,Nhà trọ,6.02
Hà Nội,224.2,3,2,4,Nhà trọ,26.428
Đà Nẵng,202.1,4,5,1,Biệt thự,62.048
Cần Thơ,58.0,2,1,3,Nhà trọ,3.348
Đà Nẵng,57.6,3,2,1,Đất nền,6.614
Hà Nội,63.1,2,1,2,Biệt thự,39.557
Cần Thơ,66.4,4,4,2,Biệt thự,22.774
Bà Rịa-VT,159.2,3,3,1,Nhà trọ,7.093
Đồng Nai,116.2,1,2,3,Chung cư,14.466
Đồng Nai,152.4,2,3,1,Nhà phố,22.992
Quảng Ninh,134.8,1,2,1,Chung cư,12.258
Bà Rịa-VT,251.8,3,3,2,Chung cư,24.021
Bà Rịa-VT,47.7,2,1,3,Biệt thự,10.652
Đà Nẵng,113.1,2,1,4,Biệt thự,32.93
Đồng Nai,24.4,5,5,3,Biệt thự,17.096
Hà Nội,40.8,4,5,3,Đất nền,11.89
Hải Phòng,86.1,3,4,2,Đất nền,11.529
Hải Phòng,115.7,5,5,1,Nhà phố,31.87
Cần Thơ,84.7,1,1,1,Biệt thự,15.121
Đồng Nai,64.1,3,4,2,Nhà trọ,3.729
Đồng Nai,71.3,3,4,3,Biệt thự,15.313
Hải Phòng,204.7,3,3,2,Đất nền,18.687
Đồng Nai,71.5,2,1,3,Biệt thự,16.901
Đà Nẵng,257.1,3,3,2,Đất nền,30.556
Bình Dương,145.0,3,3,1,Biệt thự,40.202
TP.HCM,118.5,3,3,1,Nhà trọ,10.991
Bà Rịa-VT,44.0,2,2,3,Nhà phố,5.61
Quảng Ninh,157.8,2,1,3,Nhà trọ,9.211
Cần Thơ,66.9,2,3,4,Đất nền,7.615
Bình Dương,44.0,2,2,1,Chung cư,6.088
Hải Phòng,122.5,3,2,5,Nhà trọ,5.867
Bà Rịa-VT,39.1,2,3,1,Biệt thự,12.356
Đồng Nai,57.0,4,5,1,Nhà phố,17.432
Quảng Ninh,89.5,2,3,5,Biệt thự,25.805
Đồng Nai,340.7,2,2,1,Biệt thự,61.402
Hà Nội,59.6,3,3,3,Nhà trọ,8.706
Hà Nội,68.4,1,2,1,Nhà phố,14.78
Quảng Ninh,139.7,3,4,2,Chung cư,18.984
Quảng Ninh,42.8,3,4,4,Biệt thự,17.154
Hải Phòng,117.4,2,3,2,Nhà phố,13.455
Quảng Ninh,185.6,1,2,3,Chung cư,16.794
Đà Nẵng,74.9,2,3,1,Biệt thự,27.94
Đồng Nai,166.6,1,1,3,Nhà phố,22.575
Bình Dương,107.2,2,3,2,Nhà trọ,7.142
Khánh Hòa,58.1,2,2,1,Biệt thự,17.768
Quảng Ninh,79.9,2,2,2,Biệt thự,22.544
Cần Thơ,71.7,3,3,1,Nhà phố,10.757
Hà Nội,85.4,3,4,4,Biệt thự,29.88
Đà Nẵng,98.7,3,3,2,Chung cư,14.065
Bà Rịa-VT,128.1,2,1,1,Biệt thự,30.432
Khánh Hòa,122.1,2,3,2,Đất nền,15.771
Bình Dương,20.9,4,4,2,Chung cư,9.38
Khánh Hòa,84.9,3,2,3,Nhà phố,23.779
Quảng Ninh,36.4,4,3,5,Chung cư,7.996
Hải Phòng,76.3,2,2,2,Đất nền,7.976
Hà Nội,83.6,3,2,4,Đất nền,16.789
Hà Nội,161.7,3,3,2,Biệt thự,65.641
Bà Rịa-VT,88.4,2,1,1,Biệt thự,17.188
Hải Phòng,105.2,3,4,3,Nhà trọ,8.238
Đồng Nai,144.9,3,4,2,Chung cư,13.798
TP.HCM,188.0,2,3,3,Nhà trọ,17.825
Đà Nẵng,83.6,2,3,4,Đất nền,9.555
Hà Nội,95.3,4,5,2,Biệt thự,76.536
Cần Thơ,90.6,4,4,4,Biệt thự,28.532
Hà Nội,65.0,2,3,3,Biệt thự,36.455
Khánh Hòa,56.7,2,3,2,Nhà phố,12.778
Hà Nội,23.0,2,3,3,Đất nền,8.886
Hà Nội,47.2,3,4,2,Biệt thự,29.81
TP.HCM,31.0,2,1,5,Đất nền,10.348
TP.HCM,191.2,5,5,3,Biệt thự,82.31
Bình Dương,100.8,2,3,1,Chung cư,13.063
Đồng Nai,83.5,2,2,2,Đất nền,8.046
Cần Thơ,58.5,3,2,3,Nhà trọ,3.611
Hà Nội,91.6,4,4,1,Nhà phố,35.475
Hà Nội,54.1,3,4,1,Nhà trọ,5.862
Đà Nẵng,99.9,3,3,2,Đất nền,15.218
TP.HCM,104.3,5,5,2,Biệt thự,73.535
Cần Thơ,53.7,1,2,2,Đất nền,4.45
Bà Rịa-VT,53.1,4,3,1,Nhà phố,8.635
Bình Dương,160.3,2,1,1,Đất nền,15.094
Đồng Nai,87.2,4,4,3,Biệt thự,28.822
Hải Phòng,56.3,3,4,2,Nhà trọ,4.672
Đồng Nai,72.1,2,2,1,Chung cư,9.332
Khánh Hòa,49.1,4,4,2,Nhà trọ,9.47
Hà Nội,86.5,1,1,2,Biệt thự,32.399
Bình Dương,148.3,2,3,1,Biệt thự,27.361
Khánh Hòa,88.5,3,4,1,Nhà phố,26.951
Cần Thơ,371.7,2,1,1,Đất nền,39.394
Hải Phòng,115.9,3,4,3,Đất nền,13.752
TP.HCM,103.3,1,1,3,Nhà trọ,9.842
Bình Dương,52.2,2,2,3,Chung cư,7.842
Bình Dương,78.0,2,1,3,Chung cư,8.154
Hà Nội,56.4,2,3,3,Nhà phố,23.131
Quảng Ninh,24.5,3,3,2,Biệt thự,8.78
Bình Dương,161.5,4,3,3,Nhà phố,27.81
Đà Nẵng,66.2,4,3,1,Đất nền,8.608
Hải Phòng,57.0,4,4,3,Biệt thự,21.753
Hải Phòng,102.1,2,2,3,Nhà phố,15.844
Đà Nẵng,122.4,3,4,2,Nhà trọ,10.517
Bà Rịa-VT,74.3,2,1,2,Đất nền,6.575
Đà Nẵng,89.9,2,2,1,Chung cư,10.425
Đà Nẵng,140.9,3,2,3,Nhà phố,32.393
Hải Phòng,72.5,1,2,3,Đất nền,7.568
Đồng Nai,107.9,2,2,4,Đất nền,9.186
Hải Phòng,33.3,5,5,2,Chung cư,12.576
Quảng Ninh,42.7,3,2,3,Chung cư,7.312
Hà Nội,129.5,3,4,2,Chung cư,25.883
Khánh Hòa,41.4,1,2,4,Nhà phố,16.286
Đồng Nai,103.6,2,1,2,Chung cư,16.338
TP.HCM,82.4,4,5,2,Nhà trọ,12.862
Khánh Hòa,72.3,2,1,2,Đất nền,11.326
Hà Nội,54.8,3,3,3,Chung cư,12.119
Quảng Ninh,155.3,1,1,5,Đất nền,13.308
Quảng Ninh,254.2,3,2,1,Biệt thự,51.699
TP.HCM,107.8,1,1,1,Biệt thự,50.132
Đồng Nai,109.2,4,3,4,Chung cư,15.125
Bà Rịa-VT,59.8,4,4,2,Đất nền,8.045
Đà Nẵng,43.9,4,4,3,Biệt thự,24.36
Đồng Nai,87.9,2,1,2,Chung cư,7.764
Bà Rịa-VT,50.2,4,5,1,Đất nền,5.478
Quảng Ninh,31.1,3,4,3,Chung cư,5.678
Hải Phòng,145.8,2,2,3,Đất nền,13.215
Hà Nội,150.1,3,4,2,Biệt thự,82.095
TP.HCM,53.8,1,2,2,Chung cư,10.523
Hà Nội,104.2,2,1,3,Biệt thự,42.103
Cần Thơ,164.2,3,3,1,Chung cư,19.329
Cần Thơ,101.8,2,2,4,Nhà phố,14.743
Đồng Nai,44.0,3,2,1,Biệt thự,16.007
Quảng Ninh,78.3,2,3,2,Biệt thự,20.007
Quảng Ninh,199.6,4,4,4,Nhà trọ,12.579
Đà Nẵng,104.4,5,5,3,Biệt thự,39.025
Đà Nẵng,124.4,4,4,2,Đất nền,19.472
Đà Nẵng,110.5,2,2,3,Chung cư,11.522
Hải Phòng,53.9,2,2,2,Nhà phố,9.656
Khánh Hòa,62.0,3,3,1,Đất nền,11.293
Bình Dương,110.3,1,2,5,Đất nền,13.64
Khánh Hòa,147.0,1,2,3,Đất nền,25.658
Hà Nội,174.2,3,4,3,Đất nền,28.115
Khánh Hòa,53.8,3,4,2,Nhà phố,22.948
Hải Phòng,116.7,5,4,1,Nhà trọ,7.263
Hà Nội,183.5,2,2,1,Biệt thự,94.275
Khánh Hòa,49.8,2,2,2,Đất nền,9.996
Hải Phòng,219.7,2,2,3,Biệt thự,41.427
Bình Dương,240.7,4,3,2,Biệt thự,66.122
Khánh Hòa,434.9,4,5,3,Đất nền,54.085
Hải Phòng,103.4,4,4,1,Nhà trọ,8.295
Đà Nẵng,103.7,4,5,2,Biệt thự,36.756
Quảng Ninh,147.8,3,4,1,Chung cư,14.863
Đà Nẵng,145.3,3,2,2,Biệt thự,58.281
Quảng Ninh,176.9,2,1,1,Đất nền,14.6
TP.HCM,144.1,3,4,5,Nhà phố,59.226
TP.HCM,84.5,3,3,1,Biệt thự,44.916
TP.HCM,187.4,3,3,4,Nhà trọ,32.014
Bình Dương,47.3,5,4,2,Chung cư,8.587
Đà Nẵng,90.3,5,4,5,Chung cư,15.057
Quảng Ninh,230.0,4,3,2,Nhà phố,45.574
Hải Phòng,42.5,4,3,4,Nhà phố,10.765
Hà Nội,60.0,3,2,1,Biệt thự,42.883
Hải Phòng,134.7,2,1,3,Đất nền,15.271
Hà Nội,114.0,1,1,4,Nhà trọ,11.539
Cần Thơ,53.2,3,3,1,Chung cư,4.861
Hải Phòng,70.1,3,2,1,Nhà phố,12.837
Khánh Hòa,44.3,1,1,2,Nhà trọ,4.309
Khánh Hòa,162.1,4,4,4,Đất nền,30.286
Đồng Nai,77.2,1,1,2,Chung cư,11.525
Đà Nẵng,263.8,2,3,2,Chung cư,28.824
Hà Nội,94.5,3,2,1,Đất nền,20.296
Hà Nội,78.9,2,1,1,Chung cư,17.97
Đà Nẵng,74.4,1,1,3,Đất nền,11.581
Bình Dương,77.7,2,1,1,Chung cư,10.583
Đồng Nai,96.2,4,5,3,Biệt thự,20.235
Bình Dương,406.4,3,3,4,Đất nền,38.255
Bình Dương,73.5,3,3,1,Nhà trọ,4.647
Bình Dương,74.9,3,2,3,Biệt thự,23.218
Đà Nẵng,93.6,1,1,1,Nhà trọ,8.107
Bình Dương,173.2,5,4,3,Chung cư,24.008
Khánh Hòa,38.4,1,2,1,Nhà trọ,4.877
TP.HCM,118.3,5,5,3,Biệt thự,75.928
Cần Thơ,55.1,3,3,2,Đất nền,5.06
Hà Nội,125.5,5,4,2,Nhà phố,24.385
Hà Nội,66.9,2,1,2,Nhà trọ,8.017
Cần Thơ,22.6,3,2,1,Nhà phố,5.783
Đà Nẵng,112.4,2,1,3,Nhà trọ,7.062
Hải Phòng,111.8,1,2,2,Nhà trọ,4.69
Đà Nẵng,63.6,3,3,3,Đất nền,8.858
Hà Nội,61.4,2,2,1,Chung cư,12.782
Hà Nội,41.0,3,4,3,Biệt thự,33.582
Cần Thơ,143.1,2,1,1,Biệt thự,30.308
Bình Dương,152.8,2,2,2,Biệt thự,54.267
Đà Nẵng,53.1,4,4,1,Chung cư,8.791
Quảng Ninh,65.1,3,4,3,Nhà phố,15.924
Cần Thơ,86.7,3,2,1,Biệt thự,21.017
Khánh Hòa,351.6,3,3,4,Nhà phố,82.314
Hà Nội,124.8,4,3,4,Chung cư,24.947
Cần Thơ,51.1,2,2,1,Chung cư,7.438
Đà Nẵng,108.0,3,4,3,Đất nền,16.02
Hà Nội,39.4,5,4,1,Biệt thự,27.011
Hải Phòng,138.5,3,4,2,Đất nền,14.245
Cần Thơ,246.0,3,3,3,Biệt thự,48.9
Đồng Nai,246.6,3,4,3,Chung cư,28.746
Hà Nội,139.9,3,4,3,Chung cư,22.752
Đà Nẵng,63.4,3,4,1,Nhà trọ,6.24
TP.HCM,41.2,1,1,2,Nhà trọ,6.195
Quảng Ninh,38.9,2,1,1,Chung cư,4.98
Bà Rịa-VT,20.0,4,5,3,Chung cư,7.311
Bình Dương,136.5,2,1,2,Nhà phố,26.46
Bà Rịa-VT,84.6,3,3,3,Nhà phố,13.641
Đà Nẵng,155.3,2,1,1,Đất nền,18.205
Khánh Hòa,212.0,3,4,2,Nhà trọ,18.718
Khánh Hòa,95.6,1,2,2,Nhà trọ,8.77
TP.HCM,98.3,2,3,1,Chung cư,15.649
Bình Dương,68.1,5,5,2,Chung cư,11.57
Đồng Nai,73.1,4,5,3,Đất nền,7.499
TP.HCM,139.4,3,4,4,Nhà trọ,23.936
Bà Rịa-VT,81.1,3,3,2,Nhà phố,12.78
TP.HCM,74.3,3,3,2,Biệt thự,42.46
Bà Rịa-VT,89.0,3,3,1,Đất nền,9.928
Hà Nội,153.2,3,2,4,Biệt thự,72.821
Khánh Hòa,59.4,1,1,1,Nhà phố,10.515
Hà Nội,86.5,3,3,4,Nhà phố,28.821
Quảng Ninh,104.3,4,3,2,Biệt thự,25.993
Bình Dương,180.6,5,4,2,Đất nền,14.438
Đồng Nai,78.0,1,2,4,Biệt thự,18.114
Bà Rịa-VT,58.5,3,4,1,Đất nền,6.261
Đồng Nai,67.3,3,2,2,Đất nền,7.765
Bà Rịa-VT,169.3,3,2,2,Chung cư,11.45
Đà Nẵng,304.9,2,2,1,Nhà trọ,25.802
TP.HCM,40.9,3,2,2,Nhà trọ,7.145
Quảng Ninh,46.7,2,3,3,Nhà phố,9.912
Khánh Hòa,81.3,2,1,3,Chung cư,14.518
Bà Rịa-VT,96.2,3,3,1,Nhà trọ,4.691
Đồng Nai,144.3,3,4,4,Đất nền,16.683
Quảng Ninh,52.7,3,4,1,Đất nền,6.337
Hải Phòng,47.6,5,5,1,Biệt thự,16.812
Hải Phòng,97.8,2,3,1,Biệt thự,27.992
Hà Nội,77.1,2,1,1,Đất nền,18.129
Khánh Hòa,157.0,3,3,1,Đất nền,24.595
Đà Nẵng,120.6,2,1,5,Biệt thự,45.581
Đồng Nai,125.6,2,1,2,Nhà trọ,6.651
TP.HCM,84.5,2,3,1,Nhà phố,21.07
TP.HCM,369.9,1,1,1,Biệt thự,200.0
Đồng Nai,54.5,4,5,3,Nhà trọ,8.103
Bình Dương,129.9,2,1,4,Nhà trọ,11.821
Đà Nẵng,42.0,3,2,1,Nhà trọ,4.151
Quảng Ninh,47.3,1,2,1,Chung cư,4.362
Bà Rịa-VT,62.5,3,2,1,Chung cư,5.658
Bình Dương,239.3,2,1,1,Nhà trọ,10.144
Bà Rịa-VT,105.5,3,4,1,Đất nền,9.481
Bà Rịa-VT,63.2,3,2,2,Chung cư,10.037
Bình Dương,112.7,2,2,1,Biệt thự,29.018
Hà Nội,91.9,3,4,2,Chung cư,22.075
Hải Phòng,67.0,2,2,1,Đất nền,9.481
Bà Rịa-VT,38.9,3,2,4,Nhà phố,7.842
Bình Dương,213.4,2,1,4,Chung cư,35.905
Bình Dương,102.1,4,5,2,Nhà trọ,12.46
Cần Thơ,331.7,1,1,2,Nhà trọ,15.242
Hà Nội,158.3,3,4,2,Nhà trọ,15.455
Khánh Hòa,125.3,2,3,2,Nhà phố,32.496
Cần Thơ,69.3,2,3,3,Đất nền,6.873
Cần Thơ,46.7,3,4,2,Biệt thự,12.377
Đồng Nai,79.0,4,5,4,Đất nền,13.954
Hải Phòng,45.9,2,2,4,Nhà phố,12.908
Bình Dương,133.0,1,2,2,Nhà trọ,8.679
Hải Phòng,239.7,2,2,2,Đất nền,16.515
Đà Nẵng,77.0,2,1,1,Biệt thự,18.763
Đồng Nai,158.6,2,3,1,Nhà trọ,9.484
Khánh Hòa,59.5,3,2,2,Biệt thự,23.19
Hải Phòng,75.1,1,2,1,Chung cư,7.74
TP.HCM,55.2,1,1,4,Biệt thự,37.885
Bà Rịa-VT,25.0,3,3,1,Nhà trọ,2.856
Đà Nẵng,88.1,2,2,2,Chung cư,16.905
Hà Nội,97.2,2,1,3,Nhà trọ,8.773
Khánh Hòa,170.6,2,3,3,Nhà trọ,13.309
Đà Nẵng,145.1,3,2,2,Chung cư,23.187
Bà Rịa-VT,146.3,2,2,4,Biệt thự,33.145
Đồng Nai,50.2,3,2,2,Nhà phố,14.514
Bà Rịa-VT,118.6,2,2,2,Nhà phố,17.379
Cần Thơ,232.7,3,3,1,Nhà phố,44.981
Bà Rịa-VT,113.1,2,2,2,Nhà phố,17.119
Cần Thơ,269.7,3,4,3,Đất nền,27.839
Đồng Nai,302.3,4,5,3,Nhà phố,43.294
Quảng Ninh,76.6,3,3,3,Chung cư,9.914
Cần Thơ,59.3,2,1,2,Nhà phố,11.407
Hà Nội,57.0,2,1,1,Nhà trọ,9.182
Bà Rịa-VT,36.2,2,3,1,Nhà phố,8.086
Bà Rịa-VT,66.0,2,2,2,Biệt thự,15.374
Hà Nội,185.8,2,1,3,Chung cư,43.728
TP.HCM,24.0,4,4,3,Chung cư,8.475
Bình Dương,48.3,2,1,1,Đất nền,4.457
Quảng Ninh,83.4,3,4,2,Nhà trọ,6.718
Khánh Hòa,53.2,3,3,2,Chung cư,11.268
Cần Thơ,65.6,3,3,2,Biệt thự,20.643
Hà Nội,66.2,1,1,1,Nhà phố,18.25
Đồng Nai,77.1,4,3,1,Chung cư,11.716
Cần Thơ,58.1,2,1,1,Biệt thự,11.793
Bình Dương,55.3,3,3,1,Nhà phố,14.157
Đồng Nai,157.7,4,5,1,Đất nền,19.978
Đà Nẵng,169.0,3,4,1,Chung cư,29.58
Bà Rịa-VT,39.3,3,2,3,Chung cư,8.504
Đà Nẵng,20.0,1,2,2,Biệt thự,10.5
Cần Thơ,170.4,2,1,5,Nhà trọ,9.572
Bình Dương,43.1,3,4,1,Đất nền,5.195
Quảng Ninh,102.3,2,2,2,Nhà trọ,5.479
Cần Thơ,35.2,4,3,2,Chung cư,6.015
Hà Nội,196.1,2,3,1,Nhà trọ,24.085
Hải Phòng,414.1,2,2,3,Nhà phố,50.981
Cần Thơ,100.5,2,3,1,Đất nền,10.761
Bà Rịa-VT,85.1,2,2,4,Nhà trọ,4.974
Bà Rịa-VT,74.2,3,3,4,Nhà phố,12.393
Cần Thơ,143.9,3,4,2,Biệt thự,34.79
Đồng Nai,126.5,3,4,2,Nhà trọ,7.701
Hải Phòng,164.4,4,4,3,Đất nền,15.666
Hà Nội,61.8,4,4,2,Nhà phố,17.433
Cần Thơ,110.4,4,4,3,Nhà trọ,6.826
Đồng Nai,65.0,1,1,1,Biệt thự,14.174
Bà Rịa-VT,47.7,3,3,1,Nhà trọ,3.094
Bà Rịa-VT,87.8,2,1,2,Nhà phố,13.191
Bình Dương,51.8,2,2,2,Nhà trọ,4.879
Cần Thơ,182.0,3,2,4,Đất nền,16.596
Hải Phòng,53.7,2,2,1,Chung cư,8.42
TP.HCM,112.0,1,1,3,Nhà phố,38.203
Hải Phòng,62.7,2,2,1,Nhà phố,10.499
Bà Rịa-VT,106.3,1,2,2,Nhà phố,12.722
Bà Rịa-VT,65.7,4,5,2,Nhà phố,13.614
Đà Nẵng,42.3,1,1,2,Nhà trọ,4.089
Bà Rịa-VT,120.3,2,1,1,Đất nền,12.531
Hà Nội,78.2,3,2,2,Biệt thự,48.928
Khánh Hòa,106.9,2,2,3,Đất nền,13.655
Cần Thơ,69.6,4,5,2,Nhà phố,13.71
Hải Phòng,40.6,1,1,2,Nhà trọ,3.235
Khánh Hòa,172.4,3,4,3,Nhà trọ,18.67
Đồng Nai,140.1,3,2,3,Nhà phố,27.459
TP.HCM,64.1,5,5,2,Nhà trọ,11.854
Hà Nội,93.9,3,4,1,Nhà phố,23.168
Hải Phòng,168.2,4,3,4,Đất nền,14.164
Khánh Hòa,68.4,1,1,2,Chung cư,11.234
TP.HCM,75.1,2,2,1,Nhà trọ,10.505
Đà Nẵng,104.2,2,2,1,Nhà phố,16.591
Hà Nội,68.3,4,5,3,Nhà phố,27.853
Hà Nội,150.5,2,3,1,Nhà trọ,17.625
Đà Nẵng,81.3,2,2,5,Biệt thự,23.104
Cần Thơ,56.2,2,3,1,Nhà phố,12.147
Đà Nẵng,129.7,1,1,3,Nhà trọ,8.618
Hà Nội,45.4,2,2,2,Nhà phố,20.878
Hà Nội,301.5,5,5,2,Biệt thự,112.478
Khánh Hòa,232.6,3,4,4,Chung cư,28.592
Bà Rịa-VT,122.5,3,3,2,Biệt thự,24.586
TP.HCM,116.5,3,2,2,Đất nền,23.307
Đà Nẵng,113.2,2,3,1,Nhà trọ,8.109
TP.HCM,67.1,2,3,1,Biệt thự,36.058
Đà Nẵng,107.6,2,2,1,Chung cư,15.707
Đồng Nai,51.7,2,2,3,Nhà phố,10.142
Hà Nội,121.8,3,3,1,Nhà trọ,13.366
Bà Rịa-VT,151.5,2,3,1,Biệt thự,21.561
Khánh Hòa,71.7,1,1,2,Chung cư,11.957
Bà Rịa-VT,63.0,3,2,3,Biệt thự,16.363
Bà Rịa-VT,43.5,4,4,3,Đất nền,8.679
Bà Rịa-VT,215.9,4,4,1,Nhà trọ,9.118
TP.HCM,66.1,4,5,1,Nhà phố,20.475
Đà Nẵng,79.9,4,4,4,Chung cư,16.791
Quảng Ninh,107.8,2,3,1,Biệt thự,27.446
Đồng Nai,106.6,4,4,4,Nhà trọ,6.483
Hải Phòng,140.9,2,1,4,Biệt thự,24.874
Bà Rịa-VT,71.7,3,2,3,Nhà trọ,6.167
Cần Thơ,45.5,3,4,1,Đất nền,7.878
TP.HCM,40.9,1,2,3,Biệt thự,15.549
Khánh Hòa,63.6,4,4,3,Đất nền,11.506
Hải Phòng,50.9,4,4,2,Chung cư,12.159
Quảng Ninh,75.0,2,1,2,Đất nền,6.704
Cần Thơ,197.3,4,4,1,Nhà trọ,9.801
Quảng Ninh,71.8,1,1,1,Chung cư,6.85
Hải Phòng,71.8,3,4,2,Biệt thự,17.864
Bà Rịa-VT,89.1,3,3,2,Biệt thự,15.127
Cần Thơ,70.6,3,4,2,Nhà trọ,6.142
Quảng Ninh,86.4,4,4,2,Nhà phố,11.315
Khánh Hòa,124.5,4,3,2,Nhà phố,31.844
Đà Nẵng,153.1,4,5,3,Biệt thự,61.51
Hà Nội,164.3,2,3,4,Nhà trọ,13.114
Đà Nẵng,309.2,4,4,1,Nhà phố,47.578
Hải Phòng,126.7,1,2,2,Đất nền,14.956
TP.HCM,344.0,4,3,1,Biệt thự,170.437
Hà Nội,56.5,2,3,3,Đất nền,11.074
Đồng Nai,315.7,1,2,3,Nhà trọ,21.538
Khánh Hòa,71.6,3,3,4,Đất nền,16.202
Đồng Nai,76.0,2,3,1,Nhà phố,14.131
Cần Thơ,83.8,2,2,5,Nhà phố,11.607
Hà Nội,79.0,2,2,1,Chung cư,14.783
Đồng Nai,94.8,1,2,3,Biệt thự,24.944
Đồng Nai,63.6,2,1,1,Nhà trọ,3.975
Quảng Ninh,148.1,1,1,4,Biệt thự,38.999
Đà Nẵng,64.6,3,4,2,Đất nền,7.703
Quảng Ninh,133.4,1,1,3,Nhà trọ,5.369
Hà Nội,225.1,3,2,3,Nhà trọ,23.599
Hà Nội,72.7,2,1,1,Nhà phố,18.899
Hải Phòng,145.0,5,5,1,Đất nền,13.972
Quảng Ninh,125.9,4,3,4,Nhà phố,15.08
Bình Dương,347.8,2,3,2,Nhà phố,54.242
Đà Nẵng,66.5,4,5,1,Chung cư,12.634
Hà Nội,145.0,4,4,2,Nhà phố,49.531
Hải Phòng,33.9,5,4,2,Biệt thự,17.425
Quảng Ninh,66.9,3,4,1,Nhà trọ,4.804
Đà Nẵng,111.3,1,2,1,Nhà phố,26.378
Quảng Ninh,207.7,3,4,1,Biệt thự,35.753
Đồng Nai,43.1,3,3,2,Đất nền,7.048
Hải Phòng,144.3,3,3,4,Nhà trọ,6.667
Đà Nẵng,86.7,2,3,5,Đất nền,10.627
Bà Rịa-VT,36.1,4,5,3,Biệt thự,11.889
Cần Thơ,100.4,5,4,1,Đất nền,12.576
Cần Thơ,251.0,2,1,4,Đất nền,19.828
Đà Nẵng,46.0,1,1,2,Đất nền,6.179
Quảng Ninh,84.3,2,2,1,Nhà phố,10.617
Hải Phòng,49.8,4,5,4,Nhà phố,12.954
Cần Thơ,68.0,3,3,3,Nhà phố,10.742
Hải Phòng,212.6,3,4,3,Nhà trọ,13.797
Cần Thơ,76.5,3,2,3,Biệt thự,16.459
Đồng Nai,208.7,3,2,1,Nhà phố,40.317
Quảng Ninh,175.1,2,1,1,Đất nền,10.552
Đồng Nai,72.4,3,2,3,Đất nền,7.313
Cần Thơ,66.6,4,5,1,Đất nền,11.437
Bà Rịa-VT,52.6,5,4,2,Đất nền,6.519
Bà Rịa-VT,51.5,5,5,3,Chung cư,6.498
Đồng Nai,111.3,5,5,3,Nhà trọ,8.895
Bà Rịa-VT,89.0,3,3,2,Biệt thự,19.316
Cần Thơ,61.9,3,2,3,Biệt thự,14.76
Đà Nẵng,35.5,3,2,3,Nhà phố,9.207
Đồng Nai,95.9,4,4,3,Chung cư,22.693
TP.HCM,67.9,2,3,1,Biệt thự,36.103
Quảng Ninh,80.1,2,1,1,Nhà trọ,3.202
Bà Rịa-VT,108.1,2,3,2,Đất nền,12.658
Bà Rịa-VT,20.1,3,3,1,Nhà phố,6.626
Hà Nội,35.9,2,3,1,Nhà trọ,4.72
Bình Dương,357.0,2,1,1,Biệt thự,68.646
Đồng Nai,66.4,1,2,2,Chung cư,8.9
Khánh Hòa,20.0,2,3,4,Nhà phố,9.701
Bà Rịa-VT,37.7,4,3,1,Biệt thự,8.872
Quảng Ninh,399.7,2,1,3,Nhà phố,74.985
TP.HCM,59.0,3,4,3,Biệt thự,37.422
Bà Rịa-VT,180.4,3,4,1,Đất nền,19.941
TP.HCM,96.8,4,4,4,Chung cư,34.588
Cần Thơ,67.3,2,1,2,Đất nền,5.262
Cần Thơ,143.3,5,5,2,Biệt thự,44.119
Bình Dương,21.5,3,2,3,Nhà trọ,2.729
Đà Nẵng,37.9,5,5,1,Đất nền,6.259
Khánh Hòa,67.0,4,5,3,Nhà trọ,7.716
Hà Nội,40.2,2,3,1,Biệt thự,25.473
Bình Dương,63.5,1,2,3,Chung cư,7.809
Hải Phòng,150.2,2,1,2,Nhà trọ,8.099
Hà Nội,97.4,3,3,3,Biệt thự,60.028
Đồng Nai,200.0,2,1,1,Nhà trọ,11.186
Quảng Ninh,101.2,2,3,3,Đất nền,8.617
Hải Phòng,163.3,3,3,3,Biệt thự,46.555
Hải Phòng,86.6,1,2,2,Đất nền,8.874
Bình Dương,63.2,2,3,3,Nhà phố,8.305
Đà Nẵng,218.8,3,2,2,Biệt thự,68.319
Bình Dương,58.8,1,2,4,Nhà trọ,5.045
Đồng Nai,110.6,2,2,2,Nhà phố,17.835
Bà Rịa-VT,142.8,3,4,3,Đất nền,15.1
Bà Rịa-VT,149.1,3,4,3,Đất nền,11.422
Đà Nẵng,44.7,4,3,2,Nhà trọ,5.798
Đồng Nai,169.2,3,3,1,Nhà phố,19.216
Đà Nẵng,50.0,3,2,2,Chung cư,10.011
TP.HCM,146.4,3,4,3,Nhà trọ,27.993
Bà Rịa-VT,124.1,4,3,1,Đất nền,9.09
Hải Phòng,147.1,4,3,2,Biệt thự,32.49
Khánh Hòa,43.7,4,3,3,Nhà phố,14.004
Quảng Ninh,128.1,3,2,2,Chung cư,14.049
Đồng Nai,172.7,2,3,3,Biệt thự,33.255
Hà Nội,101.1,2,3,1,Nhà phố,31.703
Đà Nẵng,55.1,1,1,1,Nhà trọ,5.04
Quảng Ninh,156.3,5,4,3,Nhà trọ,11.169
Hà Nội,96.4,3,2,1,Nhà phố,20.027
Quảng Ninh,33.0,3,3,1,Chung cư,6.882
Khánh Hòa,52.6,2,1,4,Nhà phố,17.689
Hà Nội,65.6,4,4,2,Biệt thự,46.132
Bình Dương,222.2,2,3,5,Biệt thự,61.908
Cần Thơ,200.0,1,1,5,Nhà trọ,10.579
Bình Dương,199.6,2,1,1,Nhà phố,38.424
Bà Rịa-VT,103.5,3,3,1,Nhà trọ,8.522
Cần Thơ,155.7,3,4,3,Chung cư,13.304
Bình Dương,45.4,4,3,2,Biệt thự,23.855
Cần Thơ,90.4,2,3,1,Đất nền,8.307
Cần Thơ,118.0,3,4,3,Đất nền,11.298
Hải Phòng,47.2,3,3,1,Nhà phố,7.671
Đà Nẵng,102.1,2,3,4,Nhà phố,21.199
Đà Nẵng,247.6,4,3,1,Đất nền,23.481
Hải Phòng,125.9,4,5,1,Nhà phố,20.482
Quảng Ninh,156.1,3,4,1,Biệt thự,29.455
TP.HCM,20.7,4,4,5,Chung cư,12.451
Quảng Ninh,229.2,3,4,3,Chung cư,21.461
Hà Nội,80.5,2,2,3,Nhà trọ,9.769
Hà Nội,56.8,3,3,2,Biệt thự,23.505
Cần Thơ,81.1,2,1,2,Nhà phố,9.031
Bình Dương,36.9,2,1,1,Nhà phố,8.598
Bình Dương,168.8,1,1,2,Nhà trọ,8.666
Đà Nẵng,73.6,3,2,2,Nhà trọ,8.183
Đồng Nai,57.8,3,3,3,Nhà phố,13.163
Quảng Ninh,81.4,2,3,1,Nhà phố,15.112
Bà Rịa-VT,176.1,3,2,4,Biệt thự,48.251
Khánh Hòa,97.4,4,3,1,Nhà trọ,8.975
Bình Dương,38.6,2,1,5,Biệt thự,13.657
Khánh Hòa,119.0,2,3,1,Nhà phố,31.629
Cần Thơ,51.6,4,3,2,Đất nền,7.458
Khánh Hòa,24.7,2,3,2,Đất nền,5.9
Bà Rịa-VT,220.9,3,3,2,Nhà phố,37.493
Hải Phòng,118.4,1,1,2,Nhà trọ,6.442
Bà Rịa-VT,85.9,3,3,2,Đất nền,8.343
Khánh Hòa,73.2,3,4,2,Nhà trọ,7.955
Bà Rịa-VT,208.1,3,2,3,Đất nền,13.715
TP.HCM,500.0,4,3,3,Nhà trọ,55.352
Cần Thơ,117.8,4,3,3,Đất nền,15.502
Quảng Ninh,48.5,4,3,1,Nhà trọ,4.545
Hải Phòng,82.0,3,2,3,Biệt thự,23.556
Bình Dương,116.6,1,2,2,Nhà trọ,7.271
Hà Nội,22.0,3,3,2,Biệt thự,21.683
Quảng Ninh,110.0,1,1,2,Biệt thự,27.818
Hà Nội,117.0,4,4,2,Nhà phố,41.878
Cần Thơ,199.5,2,3,1,Biệt thự,38.152
Hải Phòng,187.4,3,4,1,Chung cư,21.552
Đà Nẵng,96.2,2,1,1,Biệt thự,31.709
Bình Dương,223.4,4,5,3,Nhà trọ,12.427
TP.HCM,305.3,4,4,3,Biệt thự,146.584
Đà Nẵng,91.5,2,1,5,Nhà trọ,4.971
Cần Thơ,115.7,4,3,3,Nhà trọ,7.964
Quảng Ninh,31.2,2,2,1,Chung cư,5.286
TP.HCM,37.7,3,2,4,Biệt thự,35.159
Bà Rịa-VT,54.4,4,3,4,Biệt thự,16.092
Khánh Hòa,69.0,2,2,2,Đất nền,11.316
TP.HCM,46.6,5,4,2,Đất nền,20.981
Cần Thơ,88.1,2,1,5,Nhà phố,18.487
Đồng Nai,70.2,1,1,2,Nhà trọ,4.286
Khánh Hòa,171.1,4,5,4,Chung cư,29.43
Hà Nội,67.7,1,1,1,Đất nền,14.11
Bình Dương,22.8,5,4,1,Biệt thự,11.705
Hà Nội,97.1,5,5,2,Nhà phố,32.645
TP.HCM,89.3,2,1,2,Chung cư,26.157
Hà Nội,53.7,3,2,3,Biệt thự,37.716
Cần Thơ,95.3,2,2,5,Biệt thự,25.251
Bà Rịa-VT,47.2,3,2,2,Nhà trọ,2.491
Quảng Ninh,109.7,1,2,1,Nhà trọ,5.959
Bình Dương,436.9,2,1,3,Đất nền,36.125
Hà Nội,30.5,2,2,3,Đất nền,8.895
Hà Nội,66.0,3,4,1,Biệt thự,30.674
TP.HCM,60.0,5,5,2,Biệt thự,37.789
Quảng Ninh,69.4,4,3,3,Đất nền,5.753
Đà Nẵng,166.0,3,3,3,Đất nền,26.174
Hà Nội,124.7,3,2,2,Biệt thự,50.622
Cần Thơ,149.8,4,3,2,Chung cư,16.031
Đồng Nai,91.7,2,2,5,Biệt thự,25.325
Bình Dương,40.7,3,3,3,Chung cư,6.375
Hà Nội,46.1,5,4,2,Chung cư,12.013
Cần Thơ,140.9,2,3,1,Biệt thự,24.711
Cần Thơ,99.7,3,2,3,Nhà phố,13.641
Bình Dương,191.7,4,5,1,Đất nền,22.607
Đà Nẵng,107.3,4,3,1,Nhà trọ,7.8
Cần Thơ,44.3,3,3,2,Biệt thự,20.488
Đồng Nai,65.8,2,3,1,Chung cư,10.258
Cần Thơ,126.3,2,2,3,Biệt thự,32.865
Cần Thơ,137.9,1,1,1,Đất nền,10.605
Cần Thơ,150.4,4,4,3,Chung cư,21.861
Bà Rịa-VT,48.0,1,1,1,Nhà trọ,2.481
Bà Rịa-VT,43.8,4,4,1,Nhà trọ,3.666
Đà Nẵng,80.3,2,1,1,Nhà trọ,6.423
Hà Nội,213.6,2,3,4,Nhà phố,65.338
Cần Thơ,59.4,3,2,4,Chung cư,8.958
Quảng Ninh,118.3,3,2,1,Chung cư,11.45
Hà Nội,118.3,2,1,3,Nhà phố,29.3
Đà Nẵng,142.1,3,3,3,Chung cư,23.154
Hải Phòng,244.4,3,2,5,Nhà phố,42.803
Hà Nội,229.8,2,3,2,Biệt thự,84.046
Hà Nội,63.0,2,1,3,Đất nền,8.97
Khánh Hòa,25.6,4,4,1,Nhà trọ,4.605
TP.HCM,59.9,3,4,2,Nhà phố,29.427
Khánh Hòa,94.2,1,2,5,Nhà phố,32.173
Đồng Nai,72.5,4,5,2,Nhà phố,12.528
Bà Rịa-VT,293.2,5,5,1,Biệt thự,54.036
Bà Rịa-VT,91.0,3,2,1,Nhà phố,12.27
TP.HCM,133.3,3,3,3,Đất nền,36.145
Bình Dương,102.5,4,5,3,Đất nền,13.593
Bình Dương,73.1,5,5,2,Nhà trọ,5.923
Đà Nẵng,28.4,4,4,5,Biệt thự,23.305
TP.HCM,85.9,3,2,1,Đất nền,16.95
Hà Nội,500.0,3,4,2,Chung cư,66.577
Bình Dương,42.7,3,2,4,Chung cư,6.68
Cần Thơ,30.3,2,1,2,Chung cư,5.992
Quảng Ninh,287.7,3,2,1,Nhà phố,42.233
Hà Nội,140.5,4,3,2,Nhà phố,42.425
Đồng Nai,100.7,3,4,3,Chung cư,12.305
Cần Thơ,203.9,3,4,1,Nhà trọ,11.493
Cần Thơ,54.7,3,2,4,Nhà trọ,4.41
TP.HCM,84.4,2,1,3,Nhà phố,30.167
Đà Nẵng,159.7,3,3,1,Chung cư,22.179
Đồng Nai,319.3,4,4,3,Nhà trọ,21.911
Bình Dương,44.7,2,2,2,Nhà phố,10.15
TP.HCM,194.1,2,3,2,Chung cư,33.174
Bình Dương,113.2,5,5,3,Biệt thự,33.516
TP.HCM,99.3,2,3,5,Chung cư,16.753
TP.HCM,89.6,2,3,1,Chung cư,31.479
TP.HCM,39.2,5,5,2,Đất nền,18.105
Đà Nẵng,160.4,3,4,2,Đất nền,16.977
TP.HCM,56.3,3,3,2,Biệt thự,34.895
Hải Phòng,47.1,4,3,2,Biệt thự,15.688
Quảng Ninh,153.1,2,1,1,Chung cư,20.036
Bình Dương,144.5,3,2,3,Nhà trọ,7.433
Hà Nội,94.4,3,3,2,Biệt thự,46.692
Khánh Hòa,172.0,4,3,1,Chung cư,26.02
Đồng Nai,211.8,3,3,3,Nhà phố,38.464
Bà Rịa-VT,197.3,3,3,3,Đất nền,15.74
Đà Nẵng,65.6,3,3,2,Nhà trọ,4.466
Hà Nội,165.4,3,2,1,Chung cư,29.121
Cần Thơ,102.2,4,3,3,Nhà phố,14.18
Hải Phòng,253.5,3,2,1,Đất nền,22.966
Bà Rịa-VT,83.6,3,4,1,Nhà phố,17.75
Khánh Hòa,72.7,3,3,3,Chung cư,9.937
Hà Nội,62.3,3,4,1,Biệt thự,29.61
Bà Rịa-VT,100.8,3,3,1,Đất nền,8.149
Hà Nội,119.1,4,3,1,Nhà phố,33.326
Hải Phòng,120.5,3,3,1,Biệt thự,35.596
Khánh Hòa,111.0,4,4,1,Nhà trọ,10.412
Cần Thơ,134.6,4,5,5,Chung cư,17.045
TP.HCM,78.8,3,3,1,Chung cư,17.751
Bình Dương,53.3,3,2,1,Đất nền,7.586
Cần Thơ,50.6,4,4,1,Nhà phố,12.795
TP.HCM,161.6,3,3,4,Nhà trọ,17.585
Đà Nẵng,119.4,4,4,2,Đất nền,19.334
Quảng Ninh,29.6,3,4,2,Đất nền,5.342
Đồng Nai,173.8,3,3,4,Nhà phố,34.582
Đồng Nai,278.2,2,2,2,Nhà trọ,14.608
Bình Dương,58.6,3,4,2,Nhà phố,15.214
Khánh Hòa,110.1,5,5,1,Chung cư,20.389
Hải Phòng,67.8,3,4,2,Biệt thự,21.141
Khánh Hòa,131.2,3,4,2,Chung cư,22.722
Hải Phòng,44.7,5,4,3,Chung cư,9.992
Khánh Hòa,86.2,3,2,1,Đất nền,10.053
Quảng Ninh,162.2,3,3,2,Chung cư,22.572
Đà Nẵng,188.9,4,3,1,Nhà trọ,9.821
Đà Nẵng,116.3,3,3,1,Chung cư,14.643
TP.HCM,73.4,2,1,2,Nhà trọ,9.366
Bà Rịa-VT,34.6,3,4,4,Nhà phố,9.674
Đà Nẵng,57.1,3,4,2,Đất nền,13.314
Đà Nẵng,67.9,2,1,3,Nhà trọ,4.005
Cần Thơ,59.2,3,2,1,Chung cư,6.456
Cần Thơ,93.3,3,3,1,Đất nền,5.943
TP.HCM,73.3,2,2,1,Đất nền,15.509
Bà Rịa-VT,99.8,3,3,2,Nhà trọ,6.094
Bình Dương,185.2,1,2,1,Nhà trọ,15.289
Cần Thơ,70.5,3,4,1,Biệt thự,19.829
Bình Dương,39.3,4,5,3,Biệt thự,25.011
Hà Nội,59.1,3,4,1,Đất nền,15.118
Cần Thơ,127.8,2,2,2,Biệt thự,25.369
Quảng Ninh,135.2,1,2,2,Chung cư,10.011
Bà Rịa-VT,114.9,2,3,2,Nhà phố,16.911
TP.HCM,196.5,3,4,2,Đất nền,28.072
Hà Nội,80.5,2,3,2,Nhà phố,32.57
Bà Rịa-VT,308.4,3,2,1,Biệt thự,55.524
Quảng Ninh,147.1,2,2,3,Nhà trọ,10.622
Bà Rịa-VT,20.0,4,4,4,Đất nền,4.448
Quảng Ninh,265.2,2,3,1,Biệt thự,58.58
Quảng Ninh,56.8,2,1,1,Chung cư,6.759
Bình Dương,48.4,4,4,4,Đất nền,8.756
Khánh Hòa,123.3,2,2,2,Đất nền,15.331
Hà Nội,31.7,2,3,2,Nhà trọ,5.842
Bà Rịa-VT,59.3,3,4,2,Đất nền,5.611
Hải Phòng,229.1,3,3,1,Nhà trọ,10.29
Hà Nội,125.7,3,3,2,Biệt thự,72.556
Khánh Hòa,146.5,2,1,2,Chung cư,24.561
Hà Nội,60.7,3,3,1,Chung cư,14.953
Đà Nẵng,35.8,2,2,2,Đất nền,8.617
Hải Phòng,137.6,1,2,3,Đất nền,12.175
Khánh Hòa,157.3,4,4,2,Biệt thự,74.162
Bình Dương,153.1,3,4,1,Nhà trọ,10.828
Bà Rịa-VT,102.0,2,2,2,Chung cư,7.98
Đồng Nai,50.4,3,3,3,Nhà trọ,6.468
Khánh Hòa,388.6,2,2,3,Biệt thự,142.566
TP.HCM,120.0,4,3,3,Chung cư,28.998
Bà Rịa-VT,81.1,2,3,1,Chung cư,9.564
Khánh Hòa,81.3,1,1,3,Nhà phố,16.841
Đà Nẵng,98.5,3,3,3,Biệt thự,40.567
Đồng Nai,171.0,3,2,1,Biệt thự,24.798
Đà Nẵng,100.9,3,4,2,Nhà phố,18.667
Đồng Nai,150.7,1,1,2,Nhà trọ,10.137
TP.HCM,98.6,2,1,3,Nhà phố,30.565
Bà Rịa-VT,84.1,3,2,1,Biệt thự,20.051
Bình Dương,132.3,2,3,2,Nhà trọ,6.817
Đà Nẵng,129.3,4,3,4,Chung cư,28.861
Đà Nẵng,81.3,1,2,3,Nhà phố,21.507
Quảng Ninh,57.4,3,3,4,Nhà trọ,4.537
Đồng Nai,110.5,3,3,5,Nhà trọ,7.171
Cần Thơ,94.3,2,1,1,Nhà trọ,6.267
Bà Rịa-VT,64.5,3,3,3,Nhà phố,17.006
Đồng Nai,54.3,4,4,2,Chung cư,10.924
Quảng Ninh,115.2,2,1,4,Nhà trọ,10.499
Hà Nội,125.2,4,4,1,Nhà phố,31.823
Đồng Nai,72.5,3,2,5,Biệt thự,19.274
Bình Dương,63.6,2,3,3,Nhà phố,10.886
Bà Rịa-VT,54.7,3,4,3,Nhà phố,11.793
Quảng Ninh,113.2,2,3,1,Nhà phố,17.936
Hà Nội,55.6,3,2,1,Nhà trọ,7.178
Hải Phòng,345.4,4,3,3,Nhà phố,59.667
Quảng Ninh,70.4,4,4,1,Biệt thự,27.562
Hải Phòng,21.0,5,5,3,Nhà trọ,2.948
Bà Rịa-VT,88.4,4,4,1,Biệt thự,19.824
Đà Nẵng,86.2,3,3,3,Đất nền,14.747
Quảng Ninh,175.4,2,2,2,Nhà phố,22.651
TP.HCM,107.0,3,2,3,Nhà trọ,12.105
Hải Phòng,54.6,1,1,3,Nhà trọ,4.51
Bình Dương,75.8,3,4,2,Nhà phố,12.796
TP.HCM,109.6,3,4,1,Chung cư,24.836
Khánh Hòa,24.6,1,2,1,Chung cư,5.592
Khánh Hòa,201.0,1,2,2,Biệt thự,55.164
Hà Nội,54.7,2,1,2,Nhà phố,20.4
Đà Nẵng,210.7,3,2,3,Nhà phố,35.626
Bà Rịa-VT,113.9,3,2,2,Đất nền,13.151
Quảng Ninh,131.3,3,3,2,Chung cư,13.952
Cần Thơ,179.4,3,3,2,Chung cư,19.955
Bình Dương,127.0,3,4,1,Nhà phố,27.219
Hải Phòng,134.8,2,2,2,Biệt thự,28.365
Bà Rịa-VT,81.6,2,1,5,Nhà phố,8.249
TP.HCM,112.5,3,4,4,Biệt thự,68.16
Khánh Hòa,63.3,3,4,2,Chung cư,13.202
Bình Dương,73.3,1,1,2,Đất nền,8.778
Cần Thơ,292.6,2,3,3,Nhà trọ,14.003
Quảng Ninh,55.4,2,2,2,Chung cư,6.388
Hà Nội,98.7,3,3,1,Biệt thự,68.908
Cần Thơ,96.4,2,3,1,Nhà phố,10.752
Bình Dương,74.7,3,3,2,Chung cư,12.693
Cần Thơ,122.6,4,4,5,Đất nền,11.397
Bình Dương,128.2,2,2,3,Biệt thự,32.344
Bình Dương,51.7,5,5,1,Nhà phố,14.045
Đồng Nai,95.7,3,4,1,Nhà trọ,5.648
Hải Phòng,47.0,3,2,3,Biệt thự,18.389
Khánh Hòa,144.5,3,2,3,Nhà phố,43.139
Đồng Nai,100.1,3,3,3,Nhà trọ,7.639
Quảng Ninh,94.6,3,3,3,Nhà phố,16.841
Đồng Nai,133.7,3,3,1,Nhà trọ,6.842
Đà Nẵng,76.3,1,1,3,Nhà trọ,6.605
Đà Nẵng,155.8,1,1,3,Nhà trọ,16.813
Khánh Hòa,51.0,2,3,1,Nhà phố,13.148
Cần Thơ,210.0,2,3,3,Nhà trọ,10.143
Hải Phòng,64.7,2,3,1,Biệt thự,16.39
Khánh Hòa,32.5,2,1,1,Đất nền,5.234
Bình Dương,73.9,3,3,1,Đất nền,5.433
TP.HCM,69.0,4,4,1,Nhà trọ,12.15
Hải Phòng,73.6,5,5,2,Đất nền,8.753
Hải Phòng,103.4,3,2,2,Đất nền,7.852
Bình Dương,173.9,3,2,2,Nhà trọ,13.168
Bình Dương,80.2,4,3,2,Nhà trọ,5.415
Hà Nội,59.4,3,2,1,Biệt thự,28.928
Khánh Hòa,45.8,2,3,1,Chung cư,12.298
Bình Dương,68.0,5,4,3,Nhà phố,13.266
Đà Nẵng,29.0,3,2,2,Nhà trọ,2.806
Quảng Ninh,58.3,3,2,1,Nhà trọ,4.374
TP.HCM,189.9,2,2,4,Đất nền,44.678
Khánh Hòa,54.9,2,2,3,Biệt thự,17.152
Bà Rịa-VT,131.3,4,4,4,Đất nền,13.521
Đà Nẵng,43.1,3,4,2,Nhà trọ,5.836
Cần Thơ,260.5,2,3,1,Nhà trọ,8.571
Bình Dương,271.1,2,1,3,Đất nền,30.571
Bà Rịa-VT,128.3,3,3,1,Nhà trọ,8.17
Bình Dương,297.3,3,4,2,Chung cư,31.374
Hải Phòng,111.4,2,2,1,Nhà phố,22.452
Đà Nẵng,142.8,4,5,3,Nhà phố,39.927
Hải Phòng,191.9,1,2,1,Nhà phố,27.728
Hà Nội,100.3,2,1,4,Chung cư,18.458
Hải Phòng,35.5,3,2,4,Nhà trọ,3.024
Hà Nội,144.5,2,3,2,Đất nền,24.249
Hà Nội,67.8,4,3,3,Biệt thự,44.254
Bà Rịa-VT,70.9,3,4,3,Nhà trọ,4.537
Bình Dương,107.6,4,5,3,Chung cư,10.247
Cần Thơ,126.4,2,2,2,Chung cư,15.914
Hải Phòng,98.5,2,1,3,Nhà phố,16.678
Đà Nẵng,131.8,2,1,2,Nhà trọ,8.911
Hà Nội,58.9,3,2,4,Nhà phố,26.168
Bình Dương,87.7,3,3,2,Biệt thự,36.928
TP.HCM,149.8,4,4,2,Nhà phố,29.071
Khánh Hòa,260.8,3,3,3,Biệt thự,91.554
Bà Rịa-VT,322.4,4,3,3,Chung cư,21.13
Cần Thơ,116.7,3,2,2,Nhà phố,19.227
Đồng Nai,149.0,2,1,1,Nhà phố,22.407
Bà Rịa-VT,295.6,2,2,2,Đất nền,24.832
TP.HCM,60.2,3,3,5,Chung cư,17.135
Khánh Hòa,131.3,2,3,3,Đất nền,12.655
TP.HCM,142.7,1,1,3,Biệt thự,59.122
Hải Phòng,214.6,3,4,1,Biệt thự,54.583
Hà Nội,45.5,4,3,2,Chung cư,16.884
Cần Thơ,51.2,2,2,3,Biệt thự,11.424
Quảng Ninh,91.2,4,3,3,Chung cư,14.298
Hà Nội,112.9,4,3,1,Biệt thự,46.708
Quảng Ninh,176.6,3,2,4,Nhà trọ,10.958
Khánh Hòa,122.8,1,1,2,Nhà phố,22.812
Bình Dương,82.2,2,2,1,Nhà trọ,6.001
Đồng Nai,115.6,3,2,2,Chung cư,15.875
Đà Nẵng,107.8,3,4,1,Chung cư,12.748
Hà Nội,256.5,4,4,2,Nhà trọ,23.101
Cần Thơ,99.4,3,2,1,Nhà phố,15.592
TP.HCM,71.5,2,2,1,Nhà phố,39.733
Cần Thơ,117.9,2,3,3,Đất nền,9.142
Khánh Hòa,101.4,3,2,1,Biệt thự,54.909
Quảng Ninh,35.1,2,3,1,Đất nền,7.044
TP.HCM,89.2,2,1,2,Nhà phố,28.349
Đà Nẵng,84.7,3,4,2,Nhà trọ,7.345
Đà Nẵng,65.0,1,1,3,Biệt thự,18.275
Hà Nội,167.6,2,2,2,Nhà trọ,16.707
Khánh Hòa,56.2,3,2,3,Đất nền,7.708
Bình Dương,118.3,2,2,3,Chung cư,14.364
Khánh Hòa,82.4,2,1,1,Nhà trọ,9.573
Quảng Ninh,96.0,3,2,1,Đất nền,8.409
Cần Thơ,115.2,4,5,2,Đất nền,11.338
Đà Nẵng,41.1,2,3,2,Đất nền,5.058
Cần Thơ,101.0,4,5,3,Chung cư,13.442
Cần Thơ,355.4,2,1,2,Chung cư,32.234
Cần Thơ,35.4,3,2,2,Chung cư,5.527
Đà Nẵng,87.0,4,3,1,Biệt thự,30.153
Bà Rịa-VT,176.6,3,3,1,Chung cư,15.123
Hải Phòng,107.9,4,4,2,Chung cư,15.311
Quảng Ninh,136.0,2,1,2,Chung cư,13.433
Bà Rịa-VT,21.6,1,2,2,Nhà trọ,1.885
Quảng Ninh,128.9,4,5,1,Chung cư,15.699
TP.HCM,57.0,2,3,3,Biệt thự,45.068
Khánh Hòa,108.4,2,1,4,Đất nền,17.493
Khánh Hòa,88.4,3,4,1,Nhà trọ,9.126
Đồng Nai,353.2,4,3,2,Nhà phố,69.604
Khánh Hòa,125.0,4,4,5,Chung cư,24.664
Đà Nẵng,84.1,2,3,2,Đất nền,14.817
Bình Dương,36.4,4,4,2,Đất nền,8.186
Hà Nội,96.8,1,2,1,Nhà trọ,6.889
Đồng Nai,147.5,1,1,3,Nhà phố,28.102
Hà Nội,85.8,3,2,1,Biệt thự,41.27
Quảng Ninh,66.5,1,1,5,Đất nền,6.879
Hà Nội,63.8,2,1,3,Đất nền,13.158
Hà Nội,124.1,3,4,3,Đất nền,21.834
Đồng Nai,142.0,2,2,3,Đất nền,14.313
TP.HCM,203.7,2,1,2,Nhà trọ,20.052
Cần Thơ,49.6,2,3,2,Nhà phố,12.009
Khánh Hòa,123.4,3,3,4,Đất nền,18.111
Khánh Hòa,83.7,3,2,5,Biệt thự,32.338
Đà Nẵng,85.2,4,4,2,Biệt thự,27.255
Đồng Nai,114.6,4,3,4,Chung cư,15.438
Đà Nẵng,115.0,3,3,2,Đất nền,15.672
Bình Dương,123.6,4,4,2,Đất nền,16.133
Bình Dương,47.7,2,1,2,Đất nền,4.996
Đà Nẵng,57.4,2,3,1,Đất nền,6.128
Đồng Nai,219.5,4,4,1,Đất nền,23.802
Đà Nẵng,78.9,2,1,1,Biệt thự,32.923
Khánh Hòa,108.2,5,5,2,Nhà phố,24.333
Bà Rịa-VT,169.5,3,3,2,Nhà phố,31.204
Hải Phòng,118.9,4,5,2,Chung cư,16.087
Hà Nội,124.9,3,3,5,Biệt thự,59.399
Hải Phòng,154.0,3,3,2,Đất nền,14.036
Đồng Nai,25.3,2,1,2,Nhà phố,4.66
Hải Phòng,67.1,3,2,1,Nhà trọ,5.854
Bình Dương,119.2,3,4,1,Nhà trọ,7.359
Quảng Ninh,207.0,5,5,3,Nhà trọ,10.809
Hà Nội,93.7,2,2,2,Đất nền,20.428
Cần Thơ,54.2,2,2,3,Đất nền,4.112
Đồng Nai,55.1,2,3,1,Chung cư,5.448
Hà Nội,153.0,3,3,2,Chung cư,29.657
Hải Phòng,79.0,4,3,1,Chung cư,11.261
Bình Dương,89.6,2,3,1,Nhà trọ,7.068
TP.HCM,130.2,3,2,1,Đất nền,23.979
Bà Rịa-VT,20.0,2,1,1,Nhà trọ,2.749
Cần Thơ,298.9,3,4,2,Chung cư,26.23
Bà Rịa-VT,58.1,4,3,1,Đất nền,6.302
Hà Nội,104.1,2,2,5,Biệt thự,41.506
Bình Dương,32.4,3,4,2,Nhà phố,10.608
Bình Dương,69.9,5,4,1,Nhà phố,19.221
Hải Phòng,190.0,4,4,1,Chung cư,26.673
Khánh Hòa,28.5,3,3,2,Nhà trọ,3.353
Hải Phòng,176.9,3,2,1,Biệt thự,39.208
Khánh Hòa,76.4,2,2,4,Đất nền,13.274
Khánh Hòa,120.6,3,4,5,Nhà trọ,13.349
Cần Thơ,133.6,4,3,1,Chung cư,13.995
Hải Phòng,117.3,3,3,2,Nhà trọ,8.544
TP.HCM,53.6,2,2,1,Chung cư,11.724
Đà Nẵng,72.3,2,1,3,Nhà phố,21.599
Đà Nẵng,37.5,2,1,2,Nhà phố,11.783
Hải Phòng,120.9,2,1,1,Nhà trọ,5.346
Hải Phòng,249.9,1,1,1,Biệt thự,42.414
Bà Rịa-VT,30.1,3,4,3,Đất nền,4.033
Cần Thơ,57.0,2,1,2,Chung cư,7.328
Hải Phòng,80.7,2,3,1,Đất nền,6.665
Bà Rịa-VT,99.9,3,4,3,Nhà phố,14.777
Khánh Hòa,152.6,2,1,2,Biệt thự,53.528
Bình Dương,82.2,1,2,4,Biệt thự,23.483
Bình Dương,74.5,2,1,1,Đất nền,8.663
Khánh Hòa,174.5,2,1,3,Nhà phố,29.337
Đồng Nai,133.9,3,3,3,Đất nền,15.581
Bà Rịa-VT,124.4,2,1,1,Nhà trọ,5.391
Bà Rịa-VT,96.3,4,4,3,Biệt thự,23.149
Khánh Hòa,162.4,4,5,2,Biệt thự,62.36
TP.HCM,60.7,3,3,4,Nhà trọ,10.486
Quảng Ninh,55.9,3,4,1,Nhà phố,11.534
Hà Nội,140.8,4,3,3,Biệt thự,55.978
Khánh Hòa,34.0,3,4,2,Chung cư,8.776
Hải Phòng,95.1,1,2,5,Chung cư,11.177
Hải Phòng,74.4,2,1,2,Nhà phố,9.523
Cần Thơ,38.7,4,5,5,Nhà trọ,4.009
Khánh Hòa,51.5,2,1,4,Đất nền,9.62
Cần Thơ,84.3,1,1,1,Nhà phố,8.819
Khánh Hòa,167.4,3,2,3,Đất nền,28.568
Bà Rịa-VT,60.8,4,3,5,Nhà phố,15.931
Hà Nội,186.4,2,3,1,Chung cư,26.204
Bà Rịa-VT,93.5,3,3,2,Nhà trọ,7.22
Quảng Ninh,197.6,2,1,2,Chung cư,18.244
Bình Dương,62.6,3,3,1,Nhà trọ,5.719
Đà Nẵng,87.4,2,2,1,Đất nền,9.998
Khánh Hòa,112.3,2,3,1,Nhà phố,30.491
Quảng Ninh,80.8,4,3,1,Biệt thự,24.693
Bình Dương,159.5,3,4,2,Biệt thự,37.288
Đồng Nai,23.9,3,2,1,Nhà trọ,2.097
Hà Nội,385.1,3,3,4,Nhà trọ,27.904
Cần Thơ,150.6,2,1,3,Chung cư,14.769
Cần Thơ,81.1,3,2,1,Biệt thự,22.225
Bà Rịa-VT,64.6,2,2,3,Chung cư,8.158
Hải Phòng,53.5,2,2,3,Đất nền,6.448
Bình Dương,132.6,2,1,5,Biệt thự,28.558
Đồng Nai,163.5,3,4,1,Đất nền,13.997
Quảng Ninh,81.7,5,4,1,Nhà phố,20.318
Hà Nội,174.9,5,5,4,Chung cư,33.865
Bình Dương,52.2,3,4,4,Nhà trọ,5.56
Đồng Nai,47.0,2,2,3,Biệt thự,12.255
Đà Nẵng,267.2,3,3,3,Chung cư,36.846
Khánh Hòa,128.3,4,5,1,Nhà trọ,11.2
Cần Thơ,208.1,2,2,2,Nhà phố,33.771
Quảng Ninh,53.9,5,5,1,Biệt thự,23.716
Cần Thơ,51.7,2,2,1,Đất nền,4.872
Quảng Ninh,72.6,5,5,3,Nhà phố,15.845
Bà Rịa-VT,54.9,4,4,1,Nhà trọ,3.727
Hải Phòng,137.4,4,4,2,Biệt thự,27.621
Quảng Ninh,57.4,2,2,4,Biệt thự,14.303
Cần Thơ,44.6,1,1,1,Nhà phố,7.008
Bà Rịa-VT,98.0,2,2,5,Biệt thự,24.134
Quảng Ninh,41.5,2,1,5,Nhà trọ,3.548
Đà Nẵng,30.6,1,1,2,Nhà phố,7.126
Hải Phòng,97.5,3,3,1,Đất nền,12.583
Quảng Ninh,31.5,3,2,2,Nhà phố,7.944
Bà Rịa-VT,143.3,3,4,2,Nhà phố,23.318
Bình Dương,39.0,3,2,2,Đất nền,4.38
TP.HCM,23.5,2,2,1,Nhà trọ,2.121
Đồng Nai,75.5,5,5,5,Chung cư,13.381
TP.HCM,98.2,2,1,1,Chung cư,15.862
TP.HCM,120.9,3,3,3,Đất nền,24.518
Hà Nội,99.8,3,4,1,Nhà trọ,11.269
Đà Nẵng,47.7,4,5,2,Biệt thự,33.543
Bình Dương,138.1,1,1,4,Đất nền,15.26
Khánh Hòa,160.1,3,4,1,Chung cư,25.678
Quảng Ninh,43.7,3,4,1,Nhà trọ,4.53
Đồng Nai,80.8,2,1,3,Nhà phố,14.799
Hải Phòng,76.4,3,4,3,Nhà trọ,5.446
Bình Dương,102.7,4,3,3,Nhà trọ,10.068
Cần Thơ,79.6,5,5,2,Chung cư,8.798
Khánh Hòa,86.4,1,1,1,Chung cư,13.364
Hà Nội,132.3,2,2,5,Biệt thự,42.968
Hà Nội,46.1,2,2,4,Biệt thự,28.488
Bình Dương,140.1,2,2,2,Đất nền,15.193
Bà Rịa-VT,178.5,2,2,3,Nhà phố,32.065
TP.HCM,240.0,2,2,2,Biệt thự,77.794
Cần Thơ,24.9,5,4,2,Chung cư,5.522
Hà Nội,80.7,4,4,1,Nhà trọ,12.756
Đồng Nai,27.7,1,2,2,Đất nền,4.08
Hà Nội,20.9,2,3,2,Biệt thự,18.463
Hải Phòng,98.1,3,3,1,Nhà trọ,5.416
Quảng Ninh,70.8,2,3,2,Nhà trọ,4.256
Hà Nội,107.8,3,2,3,Biệt thự,64.094
Hải Phòng,120.5,3,2,3,Nhà phố,20.008
Bình Dương,190.3,4,4,3,Nhà phố,36.892
Bình Dương,93.0,3,3,4,Đất nền,11.607
Khánh Hòa,500.0,3,3,1,Nhà phố,76.566
Hà Nội,108.2,3,4,2,Đất nền,25.006
Đồng Nai,271.9,2,3,3,Chung cư,30.348
Hà Nội,22.2,3,2,2,Biệt thự,30.086
Đồng Nai,202.3,3,4,2,Nhà trọ,9.889
Đà Nẵng,80.8,2,1,1,Đất nền,11.761
Khánh Hòa,28.0,2,3,4,Nhà phố,8.956
Đà Nẵng,115.9,2,1,2,Đất nền,14.226
Hà Nội,75.1,4,4,4,Đất nền,21.624
Khánh Hòa,127.5,2,3,2,Nhà phố,18.938
Đà Nẵng,165.1,2,1,3,Nhà phố,29.653
TP.HCM,36.8,2,3,3,Biệt thự,24.959
Hà Nội,165.5,3,3,3,Nhà trọ,15.55
Đà Nẵng,90.4,2,1,2,Biệt thự,30.342
TP.HCM,202.7,5,5,2,Biệt thự,129.476
TP.HCM,79.6,4,5,3,Nhà phố,33.567
Bình Dương,67.9,3,3,2,Nhà phố,15.478
Hà Nội,91.5,3,3,2,Nhà trọ,11.413
TP.HCM,95.7,1,1,1,Đất nền,17.397
Bình Dương,60.5,2,3,4,Biệt thự,17.07
Đà Nẵng,66.8,4,5,1,Nhà trọ,8.88
Hải Phòng,43.1,1,1,3,Biệt thự,13.179
Hà Nội,69.4,2,2,2,Đất nền,14.446
Khánh Hòa,135.1,3,2,2,Biệt thự,39.811
Đồng Nai,82.9,2,3,3,Chung cư,9.515
Đồng Nai,164.9,5,5,1,Nhà trọ,10.519
Đà Nẵng,80.5,2,1,2,Nhà phố,12.26
Bà Rịa-VT,38.1,4,3,3,Biệt thự,10.083
Bà Rịa-VT,128.8,3,3,3,Nhà trọ,6.325
Đà Nẵng,60.1,4,4,1,Nhà trọ,7.153
TP.HCM,78.3,2,1,4,Biệt thự,37.298
Hà Nội,189.2,3,2,3,Nhà phố,41.594
Đồng Nai,44.9,4,5,4,Nhà phố,11.14
Đồng Nai,99.4,3,2,2,Biệt thự,23.987
TP.HCM,87.9,2,1,2,Nhà trọ,10.235
Đồng Nai,137.1,3,4,4,Nhà phố,36.701
Khánh Hòa,150.4,3,2,4,Biệt thự,65.128
Hà Nội,105.5,3,3,2,Biệt thự,60.772
Quảng Ninh,72.5,5,5,1,Biệt thự,30.126
Đồng Nai,119.6,2,3,2,Nhà trọ,6.125
Đà Nẵng,200.6,3,2,2,Nhà phố,29.602
Khánh Hòa,88.6,4,4,1,Nhà trọ,7.38
Đồng Nai,76.7,3,3,1,Chung cư,12.891
Khánh Hòa,113.6,4,4,4,Nhà phố,27.019
Bình Dương,92.1,5,5,1,Nhà trọ,6.215
Quảng Ninh,40.3,3,2,3,Nhà phố,8.536
Cần Thơ,103.9,2,1,1,Chung cư,9.492
Đà Nẵng,40.1,1,1,2,Đất nền,5.922
Đà Nẵng,112.7,3,2,1,Biệt thự,37.247
Hà Nội,55.8,4,4,1,Nhà trọ,7.325
Khánh Hòa,92.0,2,3,3,Chung cư,18.069
TP.HCM,113.8,2,3,4,Chung cư,23.727
Đà Nẵng,392.4,1,1,1,Nhà phố,63.854
Khánh Hòa,140.6,4,4,2,Nhà phố,38.954
Khánh Hòa,204.2,2,3,2,Biệt thự,57.665
Hải Phòng,276.7,3,4,4,Nhà phố,37.44
Hải Phòng,120.7,3,3,3,Nhà trọ,8.99
Cần Thơ,106.8,4,4,2,Nhà trọ,5.794
Bình Dương,47.5,3,2,3,Nhà trọ,4.2
Cần Thơ,83.9,3,2,3,Đất nền,9.57
Đồng Nai,58.3,2,3,1,Nhà trọ,6.434
TP.HCM,70.8,3,3,2,Nhà phố,31.332
Đồng Nai,276.6,3,4,4,Nhà phố,46.089
Bà Rịa-VT,96.4,5,4,3,Nhà trọ,7.156
Đồng Nai,53.2,2,1,2,Chung cư,5.462
Hà Nội,205.4,1,2,2,Chung cư,36.323
Đồng Nai,159.7,1,1,2,Chung cư,15.717
Cần Thơ,164.8,2,2,2,Biệt thự,36.621
Đà Nẵng,27.0,4,5,3,Đất nền,8.19
Đà Nẵng,289.8,1,1,2,Nhà trọ,20.621
Hải Phòng,64.4,3,3,3,Biệt thự,19.428
TP.HCM,143.6,2,1,4,Chung cư,31.245
TP.HCM,409.2,1,1,1,Nhà trọ,33.03
Hà Nội,328.1,3,4,2,Biệt thự,120.837
Cần Thơ,50.1,2,2,2,Nhà phố,11.755
Hải Phòng,37.8,2,2,3,Chung cư,6.411
Bà Rịa-VT,212.3,3,3,1,Biệt thự,41.534
TP.HCM,98.0,3,3,3,Nhà phố,52.056
Đà Nẵng,66.7,2,2,4,Chung cư,8.454
Đồng Nai,130.7,5,4,2,Đất nền,11.706
Đồng Nai,81.6,3,4,4,Chung cư,16.18
Hải Phòng,137.1,4,3,5,Đất nền,15.188
Cần Thơ,93.7,1,2,1,Đất nền,7.594
Cần Thơ,138.9,1,2,1,Đất nền,8.829
Bình Dương,52.6,1,2,5,Nhà trọ,4.91
Quảng Ninh,211.6,2,3,5,Nhà trọ,13.273
TP.HCM,136.8,3,4,1,Đất nền,22.342
Cần Thơ,132.7,5,5,1,Nhà phố,21.121
Đà Nẵng,46.0,3,2,1,Đất nền,7.016
Hải Phòng,249.6,2,1,5,Biệt thự,59.064
Bà Rịa-VT,89.3,3,3,1,Đất nền,6.647
Bình Dương,139.3,2,3,2,Nhà trọ,11.963
Khánh Hòa,74.2,3,2,3,Nhà trọ,9.178
Hà Nội,105.3,3,3,1,Biệt thự,45.004
Bà Rịa-VT,107.6,4,4,3,Biệt thự,25.492
Khánh Hòa,20.0,5,4,1,Chung cư,8.46
Đồng Nai,127.7,2,1,4,Nhà phố,17.32
Hà Nội,292.7,3,4,1,Nhà phố,68.645
TP.HCM,124.4,4,5,3,Nhà phố,43.708
Đà Nẵng,50.7,4,3,3,Nhà trọ,8.256
Hà Nội,133.0,3,4,1,Nhà phố,46.723
Quảng Ninh,170.0,5,5,1,Chung cư,22.984
Khánh Hòa,122.4,1,2,2,Chung cư,19.323
TP.HCM,86.1,5,5,1,Nhà phố,28.924
Quảng Ninh,77.8,1,1,3,Biệt thự,18.248
Đồng Nai,77.7,3,4,3,Chung cư,13.185
Quảng Ninh,136.8,4,4,2,Biệt thự,27.008
Bình Dương,38.7,2,3,3,Nhà trọ,4.479
Bình Dương,72.0,3,2,3,Chung cư,16.859
Hải Phòng,234.5,2,3,3,Biệt thự,66.153
Bà Rịa-VT,240.0,5,4,2,Nhà phố,42.808
Bà Rịa-VT,37.1,4,3,1,Nhà trọ,3.378
TP.HCM,45.7,3,2,1,Đất nền,14.496
Đồng Nai,76.5,3,2,2,Đất nền,7.521
Cần Thơ,153.8,4,3,2,Nhà phố,26.859
Bình Dương,30.1,2,2,2,Nhà trọ,3.515
TP.HCM,87.1,3,3,1,Nhà trọ,12.727
Cần Thơ,67.7,3,3,3,Nhà trọ,6.249
Bà Rịa-VT,199.5,2,1,1,Nhà trọ,8.336
Hải Phòng,32.9,1,2,1,Đất nền,3.846
Quảng Ninh,95.2,1,1,2,Biệt thự,21.527
Bình Dương,71.1,2,3,1,Nhà trọ,4.391
TP.HCM,217.4,4,5,2,Biệt thự,111.939
Hà Nội,128.8,3,2,2,Nhà trọ,9.979
Cần Thơ,63.3,3,2,2,Chung cư,9.521
Quảng Ninh,150.2,2,1,2,Chung cư,14.862
Bình Dương,71.3,2,2,1,Chung cư,8.411
Bà Rịa-VT,164.0,2,1,1,Nhà trọ,6.581
Đồng Nai,78.1,4,4,4,Biệt thự,24.824
Cần Thơ,169.5,3,3,2,Đất nền,16.979
Bà Rịa-VT,116.9,5,5,2,Nhà phố,21.322
Bình Dương,500.0,3,3,1,Đất nền,40.731
Cần Thơ,87.2,3,2,2,Nhà trọ,4.529
Quảng Ninh,113.3,3,3,2,Chung cư,14.554
Bình Dương,67.5,5,4,2,Chung cư,10.24
Khánh Hòa,90.2,4,3,3,Biệt thự,38.302
TP.HCM,20.0,1,1,1,Nhà trọ,3.383
Quảng Ninh,119.0,3,2,1,Đất nền,11.975
Cần Thơ,201.5,3,4,3,Nhà trọ,13.062
Đồng Nai,114.2,3,2,4,Nhà trọ,5.911
Bà Rịa-VT,40.9,2,1,1,Chung cư,3.128
Hà Nội,55.6,4,4,2,Đất nền,12.703
Bà Rịa-VT,20.9,5,5,1,Nhà phố,11.715
Cần Thơ,162.0,2,1,1,Chung cư,21.964
Bà Rịa-VT,49.2,4,4,2,Đất nền,9.338
TP.HCM,88.5,1,2,1,Biệt thự,40.595
Bình Dương,82.1,1,2,3,Chung cư,7.284
Hà Nội,219.8,2,2,2,Biệt thự,53.84
Đà Nẵng,94.7,1,1,1,Chung cư,10.72
Cần Thơ,146.3,4,5,1,Nhà trọ,8.359
Hải Phòng,124.9,1,2,3,Đất nền,15.352
Đà Nẵng,203.5,2,1,1,Biệt thự,66.167
Bà Rịa-VT,78.0,2,2,3,Chung cư,8.565
Cần Thơ,276.4,2,3,2,Biệt thự,46.157
Khánh Hòa,27.3,1,1,2,Chung cư,4.507
Hải Phòng,150.6,3,2,2,Chung cư,17.289
Hà Nội,53.5,2,3,1,Nhà phố,21.058
Đồng Nai,67.0,4,4,1,Nhà phố,15.463
Khánh Hòa,126.7,4,5,1,Nhà phố,25.701
Đà Nẵng,126.1,1,1,2,Biệt thự,40.454
Bình Dương,129.5,4,5,3,Nhà trọ,10.931
TP.HCM,39.2,1,1,1,Chung cư,7.583
Đồng Nai,214.7,2,1,1,Đất nền,15.984
Khánh Hòa,52.4,1,1,2,Nhà phố,14.294
Bình Dương,56.8,2,3,3,Biệt thự,18.852
Bình Dương,132.0,3,4,5,Biệt thự,54.716
Cần Thơ,75.8,4,4,2,Biệt thự,24.233
Khánh Hòa,108.3,2,3,2,Đất nền,14.054
Hà Nội,24.7,3,3,2,Đất nền,8.478
Bà Rịa-VT,106.8,2,3,4,Nhà phố,15.976
Hải Phòng,102.6,4,4,3,Đất nền,10.483
Hải Phòng,66.3,2,2,2,Nhà phố,9.996
Đà Nẵng,25.9,2,1,1,Đất nền,5.17
Đà Nẵng,79.2,2,1,1,Đất nền,11.632
Hải Phòng,88.0,2,2,2,Đất nền,10.292
Hà Nội,72.2,3,4,3,Nhà phố,35.491
TP.HCM,29.9,4,5,2,Chung cư,12.907
Quảng Ninh,234.4,1,2,1,Nhà phố,43.389
Bà Rịa-VT,61.4,3,3,3,Chung cư,6.411
TP.HCM,78.8,3,3,3,Biệt thự,38.475
Cần Thơ,21.2,4,4,1,Biệt thự,8.128
Quảng Ninh,234.4,2,2,3,Nhà phố,29.752
Quảng Ninh,68.0,3,2,2,Chung cư,7.734
Khánh Hòa,95.5,4,4,4,Chung cư,20.646
Hà Nội,176.3,3,4,3,Chung cư,36.274
Hà Nội,60.0,2,1,2,Biệt thự,22.606
Quảng Ninh,160.4,2,3,3,Nhà phố,22.086
Khánh Hòa,26.1,2,2,4,Nhà trọ,3.778
Bà Rịa-VT,125.3,3,2,2,Chung cư,8.435
Quảng Ninh,231.2,3,3,2,Chung cư,18.777
Đồng Nai,63.5,2,1,3,Nhà trọ,3.795
Đà Nẵng,176.1,3,4,1,Nhà phố,46.138
Đà Nẵng,270.5,3,3,2,Chung cư,35.83
TP.HCM,77.3,3,3,4,Nhà phố,35.397
Cần Thơ,73.5,3,2,3,Chung cư,6.513
Đà Nẵng,52.5,4,3,2,Đất nền,12.001
Bình Dương,66.3,2,2,1,Chung cư,11.468
TP.HCM,55.2,4,3,2,Đất nền,10.427
Đà Nẵng,52.5,2,2,1,Nhà phố,10.653
Cần Thơ,184.8,2,1,1,Chung cư,18.229
Hà Nội,56.0,2,3,3,Biệt thự,35.45
Hà Nội,105.1,2,1,1,Biệt thự,37.93
Bà Rịa-VT,92.1,2,3,2,Nhà trọ,4.882
Quảng Ninh,221.2,2,1,2,Biệt thự,40.996
Đồng Nai,66.6,4,3,5,Đất nền,9.615
Hà Nội,113.1,2,2,2,Biệt thự,61.877
Khánh Hòa,144.7,3,2,1,Biệt thự,41.685
Đà Nẵng,220.0,1,1,1,Biệt thự,71.173
Khánh Hòa,66.0,5,5,2,Chung cư,13.145
Cần Thơ,62.1,3,2,2,Nhà trọ,3.575
Hà Nội,47.6,1,1,2,Nhà phố,17.044
Đồng Nai,344.4,4,5,2,Nhà trọ,23.712
Cần Thơ,206.6,3,3,1,Đất nền,20.452
Bình Dương,87.8,4,4,2,Chung cư,10.179
Bình Dương,286.8,3,3,2,Chung cư,29.116
Khánh Hòa,84.7,3,3,1,Biệt thự,38.846
Quảng Ninh,139.0,4,5,1,Biệt thự,35.639
TP.HCM,90.6,3,2,1,Đất nền,15.434
Quảng Ninh,114.3,1,1,1,Chung cư,11.927
Bà Rịa-VT,107.2,4,5,3,Nhà phố,15.348
Quảng Ninh,69.8,2,2,1,Nhà trọ,6.308
Bà Rịa-VT,173.4,3,2,1,Chung cư,21.087
Bà Rịa-VT,138.3,1,2,1,Nhà phố,19.367
Đồng Nai,166.8,3,4,5,Nhà phố,36.826
Hà Nội,109.1,5,4,4,Nhà trọ,14.811
Đồng Nai,52.3,2,3,1,Nhà phố,12.007
Bà Rịa-VT,251.0,2,1,2,Đất nền,24.951
Cần Thơ,76.9,3,4,1,Nhà phố,13.997
Bình Dương,112.0,4,5,2,Đất nền,13.546
Bà Rịa-VT,131.8,3,2,1,Nhà phố,12.635
Đồng Nai,111.5,2,1,3,Biệt thự,26.859
Cần Thơ,155.9,5,5,2,Nhà phố,29.231
Đồng Nai,171.4,3,4,4,Đất nền,21.013
Quảng Ninh,78.7,2,1,1,Nhà phố,13.341
Đà Nẵng,238.7,1,1,3,Nhà phố,37.582
Khánh Hòa,76.7,3,4,3,Nhà phố,14.671
TP.HCM,110.2,2,3,1,Đất nền,19.878
Đồng Nai,71.3,2,3,2,Nhà phố,12.396
TP.HCM,60.1,4,3,1,Nhà trọ,9.308
Hải Phòng,168.4,1,2,1,Nhà trọ,10.492
Đồng Nai,500.0,3,3,1,Đất nền,63.429
Đà Nẵng,72.5,2,1,2,Biệt thự,24.204
TP.HCM,186.6,4,5,2,Nhà trọ,22.66
Bà Rịa-VT,74.0,3,2,4,Chung cư,8.137
Đồng Nai,89.5,1,1,1,Nhà trọ,5.252
Hà Nội,258.4,3,2,5,Chung cư,39.958
Khánh Hòa,47.3,2,3,1,Đất nền,8.521
Đà Nẵng,40.3,4,4,3,Biệt thự,24.44
TP.HCM,85.4,4,4,2,Chung cư,24.67
Đà Nẵng,134.0,3,4,1,Chung cư,21.087
Cần Thơ,118.9,3,4,4,Nhà trọ,8.092
Khánh Hòa,111.8,2,3,2,Chung cư,12.532
Bà Rịa-VT,91.9,3,2,3,Đất nền,9.8
Đồng Nai,144.3,2,1,2,Đất nền,11.633
Đồng Nai,20.0,2,1,2,Đất nền,2.699
Đồng Nai,57.4,3,4,2,Nhà trọ,3.904
Khánh Hòa,85.1,1,2,3,Biệt thự,33.01
Hà Nội,137.4,3,2,1,Nhà trọ,13.924
Hải Phòng,220.1,1,1,3,Đất nền,13.661
Bình Dương,52.9,3,2,4,Nhà trọ,5.503
Quảng Ninh,215.8,2,2,1,Đất nền,13.607
TP.HCM,68.6,2,3,1,Nhà phố,25.564
Hà Nội,83.3,3,4,3,Nhà phố,30.129
Bà Rịa-VT,127.6,5,4,2,Chung cư,16.401
TP.HCM,79.7,4,3,2,Biệt thự,69.51
Đồng Nai,175.2,2,3,1,Nhà phố,20.01
Đà Nẵng,70.6,2,1,2,Đất nền,9.165
Bà Rịa-VT,71.3,4,5,1,Nhà trọ,4.756
TP.HCM,169.2,3,4,2,Nhà trọ,22.818
Đồng Nai,56.9,2,2,3,Chung cư,8.076
TP.HCM,104.5,4,3,1,Nhà trọ,13.375
Đà Nẵng,33.2,4,5,2,Nhà phố,12.385
Đồng Nai,268.2,5,4,5,Nhà trọ,13.167
Hải Phòng,185.7,4,4,3,Nhà phố,37.17
Hà Nội,468.7,4,4,3,Nhà phố,129.118
Cần Thơ,200.9,1,1,2,Biệt thự,46.917
Quảng Ninh,45.7,2,1,3,Chung cư,5.681
Khánh Hòa,134.4,3,4,1,Đất nền,16.838
Quảng Ninh,51.9,3,3,1,Nhà phố,8.45
Bà Rịa-VT,232.0,3,3,1,Chung cư,21.783
Quảng Ninh,46.5,2,2,2,Đất nền,4.475
Đồng Nai,45.2,3,2,3,Nhà trọ,5.802
Hải Phòng,34.3,3,4,2,Chung cư,5.146
Cần Thơ,67.2,1,1,3,Chung cư,7.371
Hà Nội,59.5,2,1,3,Chung cư,18.211
Hà Nội,42.2,3,2,2,Nhà trọ,7.321
Đà Nẵng,297.0,3,4,2,Nhà trọ,21.819
Khánh Hòa,123.7,2,1,2,Chung cư,15.126
TP.HCM,115.3,3,3,2,Biệt thự,45.9
Hải Phòng,233.6,3,3,1,Nhà phố,40.425
TP.HCM,105.0,3,3,5,Nhà trọ,20.27
Cần Thơ,57.4,1,2,1,Biệt thự,12.274
Quảng Ninh,32.5,3,2,1,Nhà trọ,2.324
Hà Nội,55.5,2,3,4,Chung cư,8.817
Cần Thơ,222.1,4,3,2,Biệt thự,39.075
Quảng Ninh,42.4,2,2,3,Đất nền,5.303
Hà Nội,111.3,3,2,2,Nhà phố,44.875
Quảng Ninh,167.4,1,1,2,Nhà phố,25.913
Khánh Hòa,106.8,3,2,1,Nhà trọ,10.106
Hải Phòng,114.4,3,4,2,Nhà phố,18.524
Bà Rịa-VT,133.4,2,1,2,Đất nền,9.404
Cần Thơ,113.0,3,2,3,Biệt thự,35.293
Cần Thơ,236.4,2,1,2,Biệt thự,48.414
Bình Dương,48.2,2,3,4,Chung cư,5.476
Đồng Nai,104.0,3,4,1,Biệt thự,24.644
Khánh Hòa,30.2,2,3,2,Nhà trọ,3.552
Khánh Hòa,25.9,4,3,2,Đất nền,6.822
TP.HCM,85.7,3,3,4,Chung cư,25.728
Quảng Ninh,124.7,3,3,1,Nhà trọ,7.332
Đồng Nai,239.5,1,1,2,Nhà trọ,12.578
Hải Phòng,384.5,3,2,4,Nhà trọ,27.47
Hải Phòng,198.7,4,4,1,Nhà phố,27.338
Khánh Hòa,139.3,2,2,4,Nhà trọ,17.404
Hải Phòng,99.1,4,4,1,Nhà phố,16.15
Bình Dương,35.9,2,1,3,Biệt thự,13.643
Cần Thơ,82.5,4,4,4,Nhà phố,14.872
Đà Nẵng,195.2,1,1,3,Nhà trọ,13.725
Bà Rịa-VT,154.3,4,3,2,Đất nền,14.59
TP.HCM,41.6,3,4,1,Đất nền,13.717
Quảng Ninh,130.1,2,2,4,Biệt thự,26.495
Bà Rịa-VT,123.6,2,3,2,Nhà trọ,5.215
Quảng Ninh,111.0,3,3,1,Nhà phố,29.349
Hà Nội,88.5,5,4,3,Đất nền,18.24
Bà Rịa-VT,134.2,2,3,2,Chung cư,14.447
Đà Nẵng,136.8,2,3,1,Nhà trọ,7.422
Khánh Hòa,61.3,3,4,1,Nhà trọ,6.504
Bình Dương,118.3,3,4,1,Chung cư,14.986
Cần Thơ,80.3,3,3,2,Đất nền,9.208
Cần Thơ,36.9,3,3,3,Chung cư,3.566
Bình Dương,64.3,2,3,2,Biệt thự,21.439
Đồng Nai,35.2,4,4,3,Nhà phố,8.7
Hà Nội,162.1,3,4,4,Nhà phố,50.509
Quảng Ninh,111.4,2,3,3,Đất nền,8.923
Đà Nẵng,72.7,3,2,1,Chung cư,9.645
Hải Phòng,211.1,3,4,3,Nhà trọ,12.028
Bà Rịa-VT,93.8,2,2,2,Nhà trọ,4.124
Hà Nội,38.1,3,4,2,Nhà trọ,6.217
Bà Rịa-VT,69.2,2,1,3,Biệt thự,12.607
Đà Nẵng,239.8,3,3,2,Biệt thự,47.783
TP.HCM,60.2,4,3,4,Nhà trọ,13.268
TP.HCM,106.2,2,1,1,Đất nền,15.455
Hà Nội,140.7,2,3,3,Biệt thự,58.646
Khánh Hòa,128.2,4,3,1,Biệt thự,54.44
Đà Nẵng,391.4,5,4,4,Nhà phố,64.573
Đà Nẵng,44.4,3,3,1,Nhà phố,10.67
Bình Dương,47.2,3,2,1,Đất nền,7.015
Khánh Hòa,44.9,3,4,2,Biệt thự,29.724
Quảng Ninh,75.4,5,5,2,Biệt thự,19.756
Quảng Ninh,174.1,4,5,1,Chung cư,18.345
Hải Phòng,48.5,2,1,2,Đất nền,3.987
Cần Thơ,175.6,3,3,2,Đất nền,14.081
TP.HCM,91.9,3,4,1,Chung cư,23.368
Quảng Ninh,46.3,4,3,2,Chung cư,6.362
Khánh Hòa,31.5,3,4,3,Nhà phố,12.37
Đà Nẵng,36.0,3,4,3,Đất nền,5.961
Quảng Ninh,60.4,5,5,3,Đất nền,9.213
Đà Nẵng,81.3,1,2,3,Chung cư,14.496
Quảng Ninh,201.9,2,2,2,Nhà trọ,8.691
TP.HCM,145.4,3,2,1,Nhà trọ,15.397
Bà Rịa-VT,54.4,2,3,1,Nhà phố,9.948
Quảng Ninh,115.0,1,1,3,Nhà trọ,8.113
Khánh Hòa,242.5,1,1,5,Nhà trọ,13.89
Quảng Ninh,277.1,3,2,2,Nhà trọ,14.195
Cần Thơ,74.5,4,5,1,Biệt thự,23.152
TP.HCM,160.0,3,3,1,Nhà phố,49.158
Khánh Hòa,207.3,3,4,2,Chung cư,18.984
Bình Dương,36.4,2,1,2,Nhà trọ,3.553
Khánh Hòa,66.2,4,4,1,Biệt thự,41.43
Cần Thơ,341.0,4,3,4,Nhà trọ,17.92
Bà Rịa-VT,75.1,3,3,2,Biệt thự,15.373
TP.HCM,20.0,2,3,4,Nhà phố,13.14
Bình Dương,83.7,1,1,3,Nhà trọ,8.049
Cần Thơ,176.8,1,2,3,Biệt thự,43.133
Cần Thơ,90.4,3,2,3,Đất nền,10.259
Hà Nội,138.3,4,4,3,Đất nền,28.155
TP.HCM,158.1,4,3,3,Biệt thự,71.161
Khánh Hòa,72.8,3,3,3,Nhà trọ,7.515
Đà Nẵng,65.9,4,5,2,Nhà trọ,7.133
Bà Rịa-VT,98.7,5,5,5,Nhà phố,20.19
Đà Nẵng,100.1,2,2,3,Nhà phố,28.38
Khánh Hòa,93.0,2,3,3,Chung cư,19.853
Khánh Hòa,95.3,5,5,4,Nhà phố,21.554
TP.HCM,57.4,2,3,1,Nhà trọ,8.832
Khánh Hòa,141.2,4,4,1,Chung cư,26.894
Hà Nội,129.0,5,4,2,Nhà phố,46.594
Bình Dương,40.4,3,3,2,Biệt thự,14.817
Khánh Hòa,71.3,4,4,3,Đất nền,24.127
Đà Nẵng,95.2,3,2,2,Nhà phố,16.009
Khánh Hòa,65.3,3,4,2,Nhà phố,15.436
Hà Nội,132.0,2,2,2,Biệt thự,57.927
Quảng Ninh,86.5,1,1,1,Nhà trọ,7.216
Quảng Ninh,99.6,2,3,3,Biệt thự,21.319
Cần Thơ,70.8,3,4,3,Nhà phố,12.623
Bà Rịa-VT,27.2,2,2,1,Nhà trọ,2.648
Hải Phòng,26.3,1,2,2,Chung cư,4.153
Bình Dương,128.2,2,3,2,Nhà phố,21.161
Đồng Nai,105.7,3,2,1,Biệt thự,30.156
Cần Thơ,117.1,5,4,1,Chung cư,14.209
Bà Rịa-VT,97.6,5,5,5,Đất nền,13.586
Quảng Ninh,102.4,3,2,2,Chung cư,14.876
Đà Nẵng,161.0,4,5,1,Biệt thự,55.293
Đồng Nai,117.5,3,3,1,Chung cư,14.363
Bà Rịa-VT,168.1,3,2,3,Biệt thự,36.037
Bà Rịa-VT,99.8,3,4,3,Nhà phố,17.398
Cần Thơ,75.2,2,3,3,Nhà trọ,4.922
Đồng Nai,101.1,5,4,1,Đất nền,12.01
TP.HCM,54.5,2,1,4,Nhà trọ,10.481
Hải Phòng,71.7,3,3,2,Nhà trọ,7.291
TP.HCM,100.1,3,4,2,Nhà trọ,10.366
Đồng Nai,99.3,2,2,2,Biệt thự,25.119
TP.HCM,84.4,2,2,2,Biệt thự,38.495
Hà Nội,39.1,3,3,4,Đất nền,10.674
Quảng Ninh,131.9,1,1,4,Biệt thự,31.687
Hà Nội,148.5,3,3,2,Biệt thự,73.823
Khánh Hòa,241.3,3,2,4,Biệt thự,76.481
TP.HCM,117.3,3,2,3,Biệt thự,41.56
Khánh Hòa,90.1,3,3,4,Nhà phố,19.822
Đà Nẵng,49.0,3,3,1,Đất nền,9.812
Bình Dương,220.3,3,4,2,Biệt thự,33.109
Đà Nẵng,104.4,3,3,1,Đất nền,17.429
Đồng Nai,101.1,4,5,3,Chung cư,15.392
Bà Rịa-VT,77.3,3,3,1,Nhà phố,15.857
Quảng Ninh,74.4,4,4,2,Biệt thự,21.982
TP.HCM,136.0,2,2,2,Nhà phố,27.896
Cần Thơ,48.8,3,3,2,Nhà phố,10.81
Bình Dương,238.7,5,5,3,Chung cư,38.032
Hải Phòng,209.5,2,3,4,Đất nền,23.626
Hải Phòng,72.8,2,2,3,Nhà phố,11.59
Hải Phòng,53.6,3,3,4,Nhà trọ,4.864
TP.HCM,26.9,2,3,1,Chung cư,8.716
Hải Phòng,42.5,2,1,2,Nhà trọ,2.737
Hà Nội,139.5,5,4,2,Chung cư,36.509
Bình Dương,108.8,3,2,1,Nhà trọ,5.963
Hà Nội,121.0,2,3,2,Nhà trọ,11.053
Bà Rịa-VT,29.7,5,5,3,Nhà phố,7.863
Bình Dương,71.0,5,4,2,Nhà phố,13.054
Hà Nội,204.5,3,2,3,Chung cư,38.835
Bình Dương,85.0,2,2,2,Đất nền,12.32
Bà Rịa-VT,42.0,4,5,1,Nhà phố,9.473
Khánh Hòa,84.2,3,4,1,Nhà phố,16.321
TP.HCM,56.7,3,2,2,Biệt thự,41.96
TP.HCM,110.0,4,3,1,Nhà phố,54.261
Hải Phòng,91.1,3,4,1,Đất nền,9.008
Đà Nẵng,124.7,2,2,2,Biệt thự,34.238
Hải Phòng,43.3,3,2,2,Nhà trọ,4.177
Đồng Nai,68.8,2,3,2,Nhà trọ,6.831
Hà Nội,173.2,4,5,3,Biệt thự,71.342
Bình Dương,39.9,3,3,3,Biệt thự,13.304
Đà Nẵng,49.3,1,1,2,Biệt thự,18.525
Bà Rịa-VT,101.5,3,2,3,Chung cư,12.247
Đồng Nai,106.9,2,1,3,Đất nền,10.566
Bà Rịa-VT,67.1,2,1,3,Đất nền,5.603
TP.HCM,76.2,3,4,2,Nhà trọ,14.173
TP.HCM,124.0,2,1,1,Nhà trọ,15.888
Hải Phòng,149.9,4,5,3,Nhà trọ,8.699
Hà Nội,47.4,1,1,2,Nhà phố,14.564
Đà Nẵng,112.0,3,3,4,Nhà trọ,7.346
Quảng Ninh,223.0,4,4,3,Biệt thự,59.28
Đồng Nai,84.0,3,4,2,Nhà trọ,5.882
Đồng Nai,47.1,3,3,1,Biệt thự,14.682
Hải Phòng,45.8,5,5,1,Chung cư,8.834
TP.HCM,81.7,2,3,2,Nhà phố,29.288
Hải Phòng,167.6,1,1,2,Nhà phố,28.544
Bình Dương,87.8,3,4,1,Đất nền,12.365
Đà Nẵng,100.8,1,1,2,Chung cư,12.74
Hà Nội,49.5,5,4,1,Biệt thự,40.168
Khánh Hòa,162.4,2,1,5,Chung cư,26.398
Cần Thơ,45.3,4,4,1,Nhà phố,9.483
Cần Thơ,66.5,4,4,4,Biệt thự,20.806
Hải Phòng,131.4,2,2,4,Chung cư,14.273
Bình Dương,26.5,3,3,2,Nhà phố,9.884
Đà Nẵng,99.9,1,1,3,Biệt thự,27.626
Quảng Ninh,48.3,3,4,2,Biệt thự,15.509
Cần Thơ,90.9,1,2,3,Nhà phố,19.759
Đà Nẵng,72.9,4,3,2,Biệt thự,34.657
Hà Nội,318.5,5,5,2,Nhà phố,73.168
Bà Rịa-VT,71.1,2,1,2,Nhà trọ,4.436
Bình Dương,271.9,2,3,2,Nhà trọ,17.005
TP.HCM,128.0,4,4,2,Biệt thự,75.277
Đà Nẵng,55.7,2,2,1,Biệt thự,20.211
Hà Nội,109.8,4,4,2,Nhà phố,44.96
Quảng Ninh,75.0,3,2,1,Biệt thự,21.172
Khánh Hòa,104.1,2,1,1,Đất nền,13.616
TP.HCM,58.7,4,5,1,Nhà trọ,13.014
Khánh Hòa,248.2,3,4,1,Biệt thự,83.661
Quảng Ninh,156.8,4,5,1,Biệt thự,39.682
Hà Nội,91.8,4,3,3,Chung cư,22.934
Cần Thơ,254.0,2,3,1,Biệt thự,49.648
Khánh Hòa,94.1,1,1,3,Đất nền,12.693
TP.HCM,173.9,5,5,1,Nhà trọ,20.179
Hải Phòng,92.1,4,4,4,Chung cư,11.161
Đồng Nai,114.0,1,1,2,Nhà phố,13.842
Đà Nẵng,85.7,4,4,2,Nhà phố,16.204
Cần Thơ,95.3,3,3,2,Nhà trọ,4.956
Khánh Hòa,99.7,2,2,2,Nhà phố,22.096
Bà Rịa-VT,60.2,4,3,2,Đất nền,7.096
Đà Nẵng,70.8,2,1,1,Biệt thự,21.256
Hải Phòng,79.0,5,4,5,Nhà trọ,4.371
Quảng Ninh,103.3,2,1,2,Chung cư,14.681
Đồng Nai,88.4,3,4,2,Biệt thự,31.908
Hà Nội,182.0,2,1,3,Nhà phố,51.475
Hải Phòng,149.6,3,3,2,Nhà phố,35.344
Hải Phòng,80.0,3,2,3,Chung cư,8.513
Quảng Ninh,206.2,2,3,2,Đất nền,26.19
Bình Dương,276.9,3,4,3,Chung cư,26.114
Quảng Ninh,26.4,3,4,1,Nhà trọ,3.159
Bình Dương,157.5,1,1,3,Chung cư,13.543
Bình Dương,59.4,4,3,3,Nhà phố,14.972
Cần Thơ,145.5,2,1,1,Đất nền,12.798
Cần Thơ,189.2,3,2,1,Đất nền,15.234
TP.HCM,53.2,3,3,2,Chung cư,18.517
Khánh Hòa,29.6,3,3,5,Nhà trọ,5.328
Khánh Hòa,148.6,2,3,1,Nhà phố,28.789
Hà Nội,97.6,3,4,2,Biệt thự,43.01
Khánh Hòa,33.1,3,2,1,Đất nền,8.177
Cần Thơ,410.6,3,3,2,Chung cư,31.744
TP.HCM,130.9,4,4,2,Nhà trọ,21.248
TP.HCM,134.6,3,2,5,Nhà trọ,22.421
Bình Dương,204.3,1,1,2,Nhà phố,22.562
Quảng Ninh,63.5,2,3,3,Đất nền,9.202
Hà Nội,97.3,2,3,2,Nhà phố,43.745
Bình Dương,40.8,2,3,1,Biệt thự,15.684
Quảng Ninh,62.5,2,1,2,Biệt thự,18.1
Khánh Hòa,113.5,2,1,2,Biệt thự,46.668
Bình Dương,33.1,2,3,5,Nhà trọ,3.755
Đà Nẵng,61.5,1,2,4,Đất nền,9.07
Khánh Hòa,51.6,1,1,1,Nhà phố,9.038
Quảng Ninh,98.0,2,2,1,Nhà phố,15.367
Hà Nội,127.1,2,3,1,Biệt thự,59.577
Quảng Ninh,140.5,3,4,4,Đất nền,15.716
Bình Dương,163.9,3,3,4,Đất nền,22.423
Bình Dương,205.1,2,3,3,Chung cư,20.184
Hải Phòng,129.6,3,3,2,Đất nền,11.908
Hà Nội,279.3,2,2,2,Đất nền,62.451
Bà Rịa-VT,96.7,2,2,2,Nhà phố,13.158
Khánh Hòa,81.1,1,1,1,Đất nền,10.972
TP.HCM,129.6,3,2,2,Đất nền,25.51
Hà Nội,79.1,3,4,1,Nhà phố,22.402
TP.HCM,273.6,2,2,1,Đất nền,65.653
Hà Nội,177.4,2,1,4,Nhà phố,42.055
Hà Nội,141.2,4,5,3,Chung cư,24.412
Quảng Ninh,97.4,2,3,2,Nhà trọ,5.53
Hà Nội,70.5,2,3,2,Nhà phố,15.32
Hải Phòng,137.1,4,5,2,Nhà phố,21.354
Bà Rịa-VT,45.8,4,5,3,Đất nền,5.534
Bình Dương,226.0,3,3,3,Nhà phố,42.879
Đồng Nai,80.9,3,4,3,Biệt thự,21.66
TP.HCM,108.1,2,2,3,Biệt thự,65.496
Bình Dương,52.2,1,1,1,Chung cư,8.532
Đồng Nai,138.9,3,4,2,Nhà phố,27.191
Bà Rịa-VT,68.6,1,1,2,Đất nền,5.508
Bà Rịa-VT,132.9,3,3,2,Đất nền,11.813
TP.HCM,141.8,5,5,3,Nhà trọ,14.802
TP.HCM,61.0,5,4,2,Chung cư,19.809
Bà Rịa-VT,45.9,2,3,1,Đất nền,4.172
Đồng Nai,225.7,3,4,2,Nhà trọ,15.263
Hà Nội,80.2,3,2,5,Đất nền,28.387
Khánh Hòa,103.0,4,3,1,Nhà trọ,10.986
Đà Nẵng,120.5,2,1,3,Biệt thự,24.419
Bình Dương,42.4,1,2,2,Biệt thự,12.777
Quảng Ninh,118.8,2,3,1,Đất nền,11.357
Bình Dương,95.5,2,3,2,Chung cư,12.647
Quảng Ninh,61.2,2,1,3,Nhà phố,9.196
Đồng Nai,45.0,4,5,2,Chung cư,8.977
Quảng Ninh,129.5,3,3,4,Chung cư,11.436
TP.HCM,177.1,2,1,1,Nhà phố,42.203
Khánh Hòa,100.2,3,4,1,Biệt thự,43.712
Khánh Hòa,38.1,1,1,4,Biệt thự,13.727
TP.HCM,47.7,4,4,2,Nhà phố,27.14
Hải Phòng,69.5,5,5,2,Nhà trọ,4.77
Đồng Nai,230.2,5,4,3,Chung cư,36.528
Hải Phòng,77.6,4,3,2,Đất nền,8.197
Hải Phòng,68.0,2,2,3,Biệt thự,18.543
Bình Dương,33.0,1,1,1,Đất nền,4.323
Bà Rịa-VT,60.7,3,3,1,Nhà phố,9.247
Bình Dương,43.0,4,4,1,Đất nền,7.784
Bà Rịa-VT,49.3,2,3,3,Đất nền,6.28
Đà Nẵng,96.7,1,1,1,Chung cư,14.96
Quảng Ninh,70.8,4,3,3,Nhà phố,16.749
Bà Rịa-VT,249.6,1,2,4,Đất nền,18.105
TP.HCM,171.9,3,3,2,Biệt thự,80.749
Bình Dương,62.5,3,2,2,Nhà phố,21.611
Đồng Nai,51.9,2,3,2,Biệt thự,19.814
Quảng Ninh,206.4,1,2,2,Nhà trọ,8.941
Đà Nẵng,243.7,4,3,2,Đất nền,29.149
Bà Rịa-VT,24.1,3,4,3,Nhà phố,6.937
Đà Nẵng,95.2,5,5,5,Biệt thự,38.974
Đồng Nai,77.4,2,3,4,Đất nền,7.094
Hải Phòng,132.9,1,1,4,Chung cư,12.837
Khánh Hòa,288.8,3,3,4,Biệt thự,133.052
Đồng Nai,67.3,3,2,2,Biệt thự,22.305
Cần Thơ,26.1,2,3,3,Nhà trọ,1.617
Đồng Nai,127.4,4,4,4,Chung cư,20.595
Đà Nẵng,207.3,2,2,2,Nhà trọ,18.129
TP.HCM,75.0,2,3,5,Chung cư,19.1
Bình Dương,59.0,1,1,2,Biệt thự,19.037
TP.HCM,69.2,2,3,3,Nhà trọ,8.61
Đà Nẵng,149.9,3,2,3,Đất nền,16.832
Bình Dương,68.5,3,3,5,Chung cư,15.168
Cần Thơ,109.6,3,3,1,Biệt thự,24.318
Khánh Hòa,91.5,4,5,3,Nhà phố,18.098
Quảng Ninh,86.0,2,3,2,Chung cư,9.796
Đà Nẵng,137.1,1,2,1,Chung cư,17.067
Bà Rịa-VT,67.5,1,2,3,Đất nền,7.825
Đà Nẵng,69.5,2,2,2,Chung cư,10.777
Đà Nẵng,145.3,3,2,3,Chung cư,18.64
Bình Dương,49.8,3,2,2,Đất nền,8.871
Hà Nội,53.1,4,3,2,Đất nền,13.637
Đồng Nai,42.3,2,1,3,Nhà trọ,2.894
Hà Nội,149.8,2,3,2,Biệt thự,79.29
Cần Thơ,84.5,3,3,1,Biệt thự,21.987
Bà Rịa-VT,40.9,1,1,5,Nhà trọ,2.804
Khánh Hòa,150.2,3,3,2,Biệt thự,54.038
Hải Phòng,64.5,5,5,3,Chung cư,8.973
Cần Thơ,53.4,2,2,2,Nhà trọ,3.213
Hải Phòng,80.0,4,5,2,Nhà trọ,6.507
Hải Phòng,218.6,3,3,2,Biệt thự,48.975
Khánh Hòa,71.0,2,1,2,Nhà phố,21.837
TP.HCM,127.1,3,4,2,Biệt thự,69.823
Hà Nội,139.2,2,2,2,Nhà phố,44.604
Đà Nẵng,117.4,1,1,2,Nhà trọ,8.356
Quảng Ninh,193.0,3,2,1,Nhà phố,33.865
Hải Phòng,58.9,4,3,2,Chung cư,9.832
Bà Rịa-VT,48.1,2,3,1,Đất nền,5.123
Cần Thơ,47.6,2,3,1,Nhà phố,8.702
TP.HCM,82.5,4,4,4,Đất nền,17.786
Hải Phòng,51.0,4,3,3,Chung cư,9.562
TP.HCM,98.3,3,3,3,Đất nền,21.8
TP.HCM,94.3,2,2,2,Chung cư,19.581
Hải Phòng,165.9,4,3,4,Đất nền,21.346
Bình Dương,107.2,2,2,3,Đất nền,9.334
Đồng Nai,70.1,3,4,3,Biệt thự,20.792
Bà Rịa-VT,115.2,1,1,2,Nhà phố,17.803
Đà Nẵng,48.5,3,2,5,Đất nền,9.535
Đà Nẵng,88.0,2,3,3,Nhà trọ,7.489
Bà Rịa-VT,109.0,3,4,4,Biệt thự,27.712
Bình Dương,97.3,2,2,1,Nhà phố,17.828
Đà Nẵng,115.5,2,2,1,Biệt thự,25.561
TP.HCM,61.2,3,4,1,Nhà phố,23.801
Khánh Hòa,179.7,4,4,1,Chung cư,38.768
Cần Thơ,268.6,5,4,4,Đất nền,20.611
Hà Nội,34.4,2,2,1,Nhà trọ,4.714
Đà Nẵng,43.4,3,3,1,Biệt thự,17.141
Bà Rịa-VT,92.4,3,4,1,Biệt thự,21.614
Khánh Hòa,77.2,2,2,1,Biệt thự,24.961
Hải Phòng,280.9,1,1,1,Biệt thự,64.781
Đồng Nai,102.7,3,3,3,Đất nền,11.793
Bà Rịa-VT,207.6,5,4,2,Nhà phố,33.483
TP.HCM,26.3,3,3,1,Đất nền,7.693
Đồng Nai,146.7,3,2,2,Chung cư,15.026
Cần Thơ,58.6,3,2,2,Đất nền,6.235
Cần Thơ,58.0,2,1,1,Đất nền,6.076
Bình Dương,77.6,4,3,3,Chung cư,10.353
Quảng Ninh,38.3,3,4,3,Đất nền,7.42
Bình Dương,117.4,2,1,3,Nhà phố,25.818
Khánh Hòa,100.9,4,4,3,Nhà trọ,8.612
Đồng Nai,105.6,2,1,1,Chung cư,10.166
Quảng Ninh,153.3,5,5,5,Biệt thự,37.286
Hải Phòng,223.4,2,1,3,Nhà phố,54.664
TP.HCM,72.4,2,3,4,Nhà trọ,9.944
Đồng Nai,119.9,2,1,1,Nhà phố,25.25
Bình Dương,107.3,3,2,4,Nhà phố,16.13
Hà Nội,112.9,1,2,3,Biệt thự,39.026
Quảng Ninh,113.9,3,2,3,Nhà trọ,6.166
Quảng Ninh,233.8,3,3,1,Nhà phố,27.819
TP.HCM,68.3,3,2,3,Biệt thự,39.172
Đà Nẵng,36.0,1,1,5,Chung cư,5.959
Cần Thơ,59.2,3,2,3,Biệt thự,14.396
Cần Thơ,141.8,1,2,2,Đất nền,14.686
Hà Nội,91.3,3,2,4,Biệt thự,57.799
Khánh Hòa,68.0,1,1,2,Biệt thự,28.436
Khánh Hòa,47.2,4,4,2,Biệt thự,28.975
Hải Phòng,102.8,3,2,2,Nhà phố,17.852
Đồng Nai,132.5,3,2,4,Nhà trọ,7.719
Bà Rịa-VT,108.2,3,2,1,Biệt thự,19.269
Đà Nẵng,77.3,2,1,2,Biệt thự,26.701
Bình Dương,98.3,2,2,3,Đất nền,8.858
Bà Rịa-VT,98.0,4,4,3,Đất nền,8.191
Bà Rịa-VT,100.9,4,5,2,Chung cư,14.535
Quảng Ninh,44.2,1,1,4,Chung cư,8.282
Hà Nội,101.3,3,4,4,Đất nền,22.314
Cần Thơ,69.1,3,4,1,Nhà trọ,5.957
Hải Phòng,168.1,3,2,2,Chung cư,17.142
Khánh Hòa,97.5,1,1,1,Nhà trọ,5.919
Hà Nội,148.6,2,2,2,Đất nền,27.628
Quảng Ninh,75.1,2,1,2,Chung cư,9.304
Bình Dương,76.8,4,3,4,Biệt thự,27.842
Hải Phòng,220.6,3,3,3,Đất nền,19.789
Quảng Ninh,117.0,3,2,1,Chung cư,15.127
Cần Thơ,58.6,5,4,1,Nhà trọ,3.977
Cần Thơ,154.2,3,2,2,Nhà trọ,7.177
Cần Thơ,65.4,4,4,2,Chung cư,7.374
Hà Nội,103.1,3,4,1,Nhà trọ,12.466
Hà Nội,271.0,2,3,4,Chung cư,38.894
Khánh Hòa,38.1,4,3,4,Chung cư,9.465
Khánh Hòa,81.0,3,3,2,Nhà trọ,7.112
Bình Dương,115.0,2,1,4,Nhà phố,19.411
Hải Phòng,142.4,2,2,2,Biệt thự,25.018
TP.HCM,42.7,1,1,3,Đất nền,10.053
TP.HCM,35.8,3,3,2,Biệt thự,36.868
Quảng Ninh,173.2,4,4,1,Đất nền,16.883
Cần Thơ,58.4,5,5,4,Đất nền,11.801
Hải Phòng,57.0,5,4,2,Biệt thự,28.46
Bà Rịa-VT,228.2,2,3,3,Chung cư,23.343
Hà Nội,93.9,2,3,2,Nhà trọ,11.001
Đồng Nai,94.2,1,1,1,Nhà phố,14.003
Đà Nẵng,80.8,4,3,1,Nhà phố,22.683
Bình Dương,43.2,2,2,2,Nhà phố,9.149
Cần Thơ,135.0,3,3,3,Biệt thự,21.496
Cần Thơ,115.1,3,3,2,Biệt thự,30.007
Cần Thơ,99.6,3,2,3,Chung cư,8.696
Hà Nội,83.9,2,1,3,Nhà phố,20.447
Hà Nội,75.5,5,5,3,Chung cư,21.19
Đà Nẵng,155.6,5,4,2,Nhà phố,33.104
Bà Rịa-VT,82.7,2,2,4,Biệt thự,14.702
Hải Phòng,86.6,3,2,2,Nhà trọ,6.131
Cần Thơ,123.7,5,4,2,Nhà trọ,9.592
TP.HCM,102.0,1,2,1,Nhà trọ,9.494
Khánh Hòa,241.1,3,3,2,Nhà trọ,25.022
TP.HCM,31.3,2,3,1,Đất nền,6.826
Quảng Ninh,107.8,3,4,3,Nhà phố,28.436
TP.HCM,58.9,1,1,1,Nhà trọ,6.627
Quảng Ninh,51.1,3,3,2,Đất nền,6.819
Đồng Nai,68.4,2,1,3,Đất nền,5.119
Khánh Hòa,93.0,3,3,2,Đất nền,14.272
TP.HCM,95.5,5,5,1,Chung cư,27.985
Đồng Nai,36.2,4,5,1,Chung cư,7.362
Bình Dương,65.1,4,4,3,Đất nền,8.968
Hải Phòng,106.6,3,4,1,Nhà trọ,5.94
Đồng Nai,53.2,1,1,2,Nhà phố,11.276
Hải Phòng,46.1,2,3,2,Biệt thự,15.317
TP.HCM,23.3,4,3,3,Chung cư,16.719
Bà Rịa-VT,60.5,2,3,3,Nhà trọ,3.575
Đồng Nai,45.2,2,1,3,Nhà trọ,3.216
Khánh Hòa,49.9,3,2,1,Biệt thự,26.0
TP.HCM,76.5,2,2,1,Biệt thự,28.76
Cần Thơ,62.8,2,1,1,Nhà trọ,2.888
Hà Nội,44.7,5,5,1,Biệt thự,42.594
Đồng Nai,25.3,4,5,1,Nhà trọ,2.859
Khánh Hòa,107.9,3,4,2,Biệt thự,28.786
Bình Dương,141.4,5,5,2,Biệt thự,63.11
Cần Thơ,70.9,3,2,3,Nhà trọ,3.608
Bình Dương,76.7,3,4,2,Đất nền,10.659
TP.HCM,90.2,1,2,3,Nhà trọ,11.474
Hà Nội,232.1,2,2,2,Nhà phố,33.472
Đồng Nai,35.1,3,3,1,Biệt thự,12.919
Đồng Nai,70.2,4,5,2,Chung cư,11.833
Bà Rịa-VT,32.0,3,4,1,Biệt thự,12.598
Bà Rịa-VT,111.9,2,1,1,Nhà phố,17.326
TP.HCM,82.6,2,1,2,Chung cư,17.419
TP.HCM,101.7,4,5,4,Chung cư,32.729
Hà Nội,98.7,2,2,3,Nhà trọ,9.733
Bà Rịa-VT,163.1,3,4,1,Đất nền,10.263
Khánh Hòa,124.3,1,1,3,Nhà trọ,7.739
Khánh Hòa,148.2,1,1,3,Chung cư,15.722
Hà Nội,47.5,3,3,3,Chung cư,16.672
Khánh Hòa,184.2,3,2,3,Đất nền,18.133
Quảng Ninh,58.4,2,3,2,Biệt thự,17.734
Hải Phòng,60.4,2,3,1,Đất nền,6.63
Hà Nội,105.9,4,5,2,Nhà trọ,13.364
Hà Nội,107.9,2,1,2,Biệt thự,59.717
Đà Nẵng,47.3,3,3,2,Nhà trọ,4.77
Cần Thơ,81.1,5,4,2,Đất nền,10.832
Cần Thơ,219.8,2,3,4,Biệt thự,46.4
Quảng Ninh,37.3,5,4,4,Đất nền,7.026
Bà Rịa-VT,219.5,2,2,4,Nhà phố,44.014
TP.HCM,77.9,3,2,3,Chung cư,15.228
TP.HCM,22.1,2,3,4,Biệt thự,30.095
Bình Dương,39.6,5,5,1,Chung cư,10.459
Quảng Ninh,50.5,2,1,1,Nhà phố,7.798
Hà Nội,61.9,2,1,2,Biệt thự,40.681
Quảng Ninh,84.5,5,5,3,Chung cư,8.48
Quảng Ninh,20.0,3,3,2,Chung cư,4.314
Quảng Ninh,100.7,3,4,3,Biệt thự,21.44
Cần Thơ,47.8,2,2,1,Chung cư,6.227
Quảng Ninh,207.3,3,4,1,Chung cư,16.721
Hải Phòng,76.5,1,1,3,Biệt thự,20.838
TP.HCM,158.5,1,2,1,Chung cư,30.432
Bình Dương,175.2,3,2,2,Chung cư,18.642
Hải Phòng,172.4,2,2,1,Nhà trọ,10.561
Bình Dương,64.1,5,4,2,Nhà trọ,6.051
Đà Nẵng,63.6,4,4,3,Nhà phố,14.716
Bình Dương,78.7,3,2,2,Nhà trọ,10.657
TP.HCM,131.9,4,3,2,Nhà trọ,15.772
TP.HCM,66.3,3,2,1,Nhà phố,15.895
Quảng Ninh,83.8,2,1,3,Chung cư,7.861
Đồng Nai,106.1,4,5,2,Chung cư,10.902
Đà Nẵng,52.3,2,1,3,Nhà trọ,5.7
Hà Nội,50.4,2,3,3,Nhà phố,20.224
Khánh Hòa,81.9,4,4,1,Chung cư,17.039
Bình Dương,88.6,3,3,4,Đất nền,10.676
Đồng Nai,116.8,4,5,3,Biệt thự,32.112
Quảng Ninh,134.7,2,2,2,Biệt thự,28.352
Cần Thơ,46.6,3,3,1,Biệt thự,14.089
Hà Nội,55.3,1,1,4,Nhà trọ,7.993
Bà Rịa-VT,50.3,3,2,3,Biệt thự,15.505
Đồng Nai,210.1,4,3,1,Biệt thự,55.056
Cần Thơ,83.8,3,4,2,Đất nền,9.846
Đà Nẵng,90.9,2,3,3,Chung cư,16.635
Quảng Ninh,93.2,1,1,3,Đất nền,9.032
Hà Nội,58.6,2,1,3,Nhà trọ,7.859
Hà Nội,230.1,3,4,2,Biệt thự,119.914
Hà Nội,115.2,5,5,3,Chung cư,24.019
Đà Nẵng,92.2,2,1,2,Biệt thự,24.055
Bình Dương,46.4,3,4,1,Biệt thự,14.47
Bà Rịa-VT,44.8,4,3,3,Nhà trọ,3.96
Đà Nẵng,74.8,3,3,5,Biệt thự,20.67
Khánh Hòa,59.1,3,3,2,Nhà phố,18.993
Bà Rịa-VT,47.4,4,4,2,Chung cư,6.994
TP.HCM,72.1,2,1,3,Chung cư,21.92
Quảng Ninh,79.1,2,3,2,Nhà phố,11.775
Đà Nẵng,98.0,1,1,3,Nhà trọ,7.022
Cần Thơ,66.5,5,5,3,Biệt thự,28.281
Bà Rịa-VT,49.2,4,4,1,Biệt thự,20.664
Khánh Hòa,50.2,4,5,5,Chung cư,12.011
TP.HCM,186.4,1,2,3,Nhà trọ,21.713
Bình Dương,42.5,3,2,4,Nhà trọ,4.695
Cần Thơ,111.9,2,2,3,Nhà trọ,6.834
Bà Rịa-VT,122.9,1,2,4,Biệt thự,24.025
Quảng Ninh,83.7,3,2,1,Nhà trọ,6.917
Cần Thơ,260.0,5,5,2,Nhà phố,25.336
TP.HCM,121.6,4,5,4,Đất nền,26.126
Cần Thơ,272.0,3,4,1,Nhà trọ,15.207
Hải Phòng,60.9,1,1,1,Đất nền,6.479
Đồng Nai,61.5,2,2,3,Biệt thự,23.733
Bình Dương,123.5,2,2,3,Nhà trọ,10.661
TP.HCM,76.9,4,5,1,Chung cư,21.072
Cần Thơ,247.5,4,4,4,Biệt thự,69.915
Đồng Nai,110.5,2,1,3,Nhà phố,15.271
Đồng Nai,48.1,3,4,2,Nhà phố,13.796
Cần Thơ,31.8,1,2,3,Đất nền,5.662
Quảng Ninh,85.9,2,1,2,Đất nền,10.455
Hải Phòng,85.3,3,4,1,Chung cư,11.245
Đà Nẵng,108.7,2,2,1,Chung cư,13.861
Hải Phòng,186.1,3,3,2,Nhà phố,21.27
Cần Thơ,172.0,4,5,2,Nhà trọ,10.63
Bình Dương,63.6,3,2,3,Nhà phố,11.281
Đà Nẵng,41.4,1,1,3,Nhà phố,8.378
TP.HCM,42.9,2,2,2,Chung cư,9.778
Hải Phòng,57.9,3,2,3,Đất nền,6.775
Cần Thơ,72.2,2,3,1,Chung cư,7.993
Hải Phòng,108.1,2,3,1,Chung cư,12.843
Đà Nẵng,55.7,3,3,4,Chung cư,9.744
Khánh Hòa,106.5,3,3,1,Nhà phố,31.445
Bà Rịa-VT,111.9,4,4,1,Nhà trọ,6.313
Hải Phòng,98.1,2,1,3,Nhà phố,13.671
TP.HCM,45.7,4,5,2,Biệt thự,40.066
TP.HCM,119.2,2,3,4,Chung cư,41.37
Hà Nội,313.8,1,2,1,Chung cư,55.713
Hải Phòng,104.3,3,3,1,Biệt thự,25.543
Bà Rịa-VT,20.0,3,4,2,Chung cư,3.382
Quảng Ninh,189.5,5,4,2,Chung cư,19.764
Đồng Nai,59.0,3,2,2,Chung cư,8.589
Bà Rịa-VT,350.5,4,5,2,Biệt thự,63.01
Đồng Nai,96.5,4,4,4,Nhà phố,13.839
Đồng Nai,32.8,3,4,4,Chung cư,5.979
Khánh Hòa,26.1,3,2,1,Nhà trọ,5.157
Hà Nội,226.7,3,2,2,Biệt thự,120.643
Bà Rịa-VT,174.8,5,4,2,Đất nền,12.915
Bà Rịa-VT,342.3,4,5,4,Biệt thự,77.458
Khánh Hòa,90.6,2,1,5,Nhà phố,17.485
Hải Phòng,87.0,4,4,1,Biệt thự,34.435
Hải Phòng,71.5,2,3,3,Đất nền,8.784
Hải Phòng,60.6,3,4,2,Nhà trọ,6.085
Bình Dương,71.1,2,1,1,Đất nền,5.628
Đồng Nai,102.6,3,2,1,Biệt thự,30.132
Bình Dương,54.3,4,4,2,Đất nền,8.809
Hà Nội,33.1,2,3,2,Biệt thự,26.172
Khánh Hòa,99.1,1,1,1,Nhà trọ,9.421
Bà Rịa-VT,53.5,2,2,3,Nhà trọ,3.554
Đồng Nai,20.0,3,2,1,Nhà phố,5.649
Bình Dương,125.4,2,3,2,Nhà trọ,9.99
Bình Dương,46.3,2,1,2,Chung cư,6.681
Cần Thơ,133.9,2,3,1,Đất nền,9.729
Bình Dương,132.0,3,2,2,Đất nền,12.005
Quảng Ninh,106.7,2,3,1,Biệt thự,18.907
Bà Rịa-VT,402.7,3,3,2,Nhà trọ,16.834
Quảng Ninh,82.9,1,2,1,Nhà phố,15.376
Bà Rịa-VT,75.8,3,3,2,Nhà phố,12.806
Khánh Hòa,135.7,2,3,1,Nhà phố,26.629
Bà Rịa-VT,87.1,3,3,3,Chung cư,11.329
Quảng Ninh,180.6,2,1,3,Nhà trọ,8.268
Bà Rịa-VT,42.0,3,4,1,Nhà phố,8.903
Khánh Hòa,42.5,5,4,2,Chung cư,11.483
Khánh Hòa,142.5,4,4,1,Đất nền,24.282
Hà Nội,44.8,3,4,2,Biệt thự,21.638
Bà Rịa-VT,129.7,3,4,1,Nhà trọ,5.978
Cần Thơ,112.4,4,3,2,Nhà trọ,5.007
Hải Phòng,59.3,3,4,2,Đất nền,7.545
TP.HCM,112.2,2,3,4,Nhà trọ,18.883
Khánh Hòa,42.9,4,3,2,Nhà trọ,5.373
Đà Nẵng,49.4,3,4,2,Nhà trọ,5.045
Hải Phòng,78.1,2,1,2,Nhà trọ,5.957
Đồng Nai,94.4,2,1,4,Chung cư,13.639
Bà Rịa-VT,75.0,2,1,3,Chung cư,7.518
Quảng Ninh,116.7,3,2,1,Biệt thự,31.753
TP.HCM,113.6,2,1,3,Nhà trọ,11.178
Đà Nẵng,225.3,2,2,2,Đất nền,33.11
Hải Phòng,85.0,2,2,3,Nhà phố,22.779
Bà Rịa-VT,184.3,3,2,3,Biệt thự,41.383
Hà Nội,156.4,3,3,1,Nhà phố,28.4
Đồng Nai,356.5,2,2,3,Nhà phố,44.823
TP.HCM,83.4,1,2,1,Nhà trọ,11.349
Cần Thơ,70.0,2,1,1,Đất nền,5.887
Hà Nội,191.4,4,4,1,Nhà phố,68.791
Đà Nẵng,113.4,3,4,3,Nhà phố,28.595
TP.HCM,194.2,3,4,1,Biệt thự,80.301
Hà Nội,138.4,1,1,1,Đất nền,21.332
Đồng Nai,25.4,3,2,3,Đất nền,4.043
Cần Thơ,112.8,3,4,1,Nhà phố,16.9
Hà Nội,108.5,2,1,1,Đất nền,15.976
Bình Dương,97.5,2,1,1,Biệt thự,32.418
Cần Thơ,83.2,2,3,2,Biệt thự,31.097
Đà Nẵng,34.6,4,5,2,Biệt thự,15.891
Đồng Nai,152.1,4,3,1,Nhà trọ,6.504
Bà Rịa-VT,112.6,3,3,5,Nhà phố,16.586
Quảng Ninh,174.4,3,2,3,Đất nền,11.745
Quảng Ninh,35.8,2,2,2,Biệt thự,11.843
Quảng Ninh,122.0,3,4,2,Nhà phố,23.244
TP.HCM,78.2,3,3,2,Nhà phố,40.031
Đà Nẵng,98.1,2,3,3,Nhà trọ,8.532
Đồng Nai,78.7,4,3,1,Đất nền,9.062
Cần Thơ,124.7,2,1,1,Đất nền,6.967
TP.HCM,81.6,2,3,4,Biệt thự,47.302
Đà Nẵng,47.9,3,4,1,Biệt thự,21.527
